Year,Access to clean fuels and technologies for cooking (% of population),"Access to clean fuels and technologies for cooking, rural (% of rural population)","Access to clean fuels and technologies for cooking, urban (% of urban population)",Access to electricity (% of population),"Adjusted net savings, excluding particulate emission damage (% of GNI)","Adjusted net savings, excluding particulate emission damage (current US$)","Adjusted net savings, including particulate emission damage (% of GNI)","Adjusted net savings, including particulate emission damage (current US$)",Adjusted savings: carbon dioxide damage (% of GNI),Adjusted savings: carbon dioxide damage (current US$),Adjusted savings: consumption of fixed capital (% of GNI),Adjusted savings: consumption of fixed capital (current US$),Adjusted savings: education expenditure (% of GNI),Adjusted savings: education expenditure (current US$),Adjusted savings: energy depletion (% of GNI),Adjusted savings: energy depletion (current US$),Adjusted savings: gross savings (% of GNI),Adjusted savings: mineral depletion (% of GNI),Adjusted savings: mineral depletion (current US$),Adjusted savings: net forest depletion (% of GNI),Adjusted savings: net forest depletion (current US$),Adjusted savings: net national savings (% of GNI),Adjusted savings: net national savings (current US$),Adjusted savings: particulate emission damage (% of GNI),Adjusted savings: particulate emission damage (current US$),Agricultural land (% of land area),"Annual freshwater withdrawals, agriculture (% of total freshwater withdrawal)","Annual freshwater withdrawals, domestic (% of total freshwater withdrawal)","Annual freshwater withdrawals, industry (% of total freshwater withdrawal)","Annual freshwater withdrawals, total (% of internal resources)","Annual freshwater withdrawals, total (billion cubic meters)",Aquaculture production (metric tons),Arable land (% of land area),Average precipitation in depth (mm per year),"Bird species, threatened",Capture fisheries production (metric tons),Carbon dioxide (CO2) emissions (total) excluding LULUCF (% change from 1990),Carbon dioxide (CO2) emissions (total) excluding LULUCF (Mt CO2e),Carbon dioxide (CO2) emissions excluding LULUCF per capita (t CO2e/capita),Carbon dioxide (CO2) emissions from Agriculture (Mt CO2e),Carbon dioxide (CO2) emissions from Building (Energy) (Mt CO2e),Carbon dioxide (CO2) emissions from Fugitive Emissions (Energy) (Mt CO2e),Carbon dioxide (CO2) emissions from Industrial Combustion (Energy) (Mt CO2e),Carbon dioxide (CO2) emissions from Industrial Processes (Mt CO2e),Carbon dioxide (CO2) emissions from Power Industry (Energy) (Mt CO2e),Carbon dioxide (CO2) emissions from Transport (Energy) (Mt CO2e),Carbon dioxide (CO2) net fluxes from LULUCF - Deforestation (Mt CO2e),Carbon dioxide (CO2) net fluxes from LULUCF - Forest Land (Mt CO2e),Carbon dioxide (CO2) net fluxes from LULUCF - Organic Soil (Mt CO2e),Carbon dioxide (CO2) net fluxes from LULUCF - Other Land (Mt CO2e),Carbon dioxide (CO2) net fluxes from LULUCF - Total excluding non-tropical fires (Mt CO2e),Carbon intensity of GDP (kg CO2e per 2021 PPP $ of GDP),Carbon intensity of GDP (kg CO2e per constant 2015 US$ of GDP),Coal rents (% of GDP),"Droughts, floods, extreme temperatures (% of population, average 1990-2009)","Electricity production from oil, gas and coal sources (% of total)","Electricity production from renewable sources, excluding hydroelectric (% of total)","Electricity production from renewable sources, excluding hydroelectric (kWh)",Energy intensity level of primary energy (MJ/$2021 PPP GDP),Energy related methane emissions (% of total),F-gases emissions from Industrial Processes (Mt CO2e),"Fish species, threatened",Forest area (% of land area),Forest area (sq. km),Forest rents (% of GDP),Land area (sq. km),Land area where elevation is below 5 meters (% of total land area),Level of water stress: freshwater withdrawal as a proportion of available freshwater resources,"Mammal species, threatened",Marine protected areas (% of territorial waters),Methane (CH4) emissions (total) excluding LULUCF (% change from 1990),Methane (CH4) emissions (total) excluding LULUCF (Mt CO2e),Methane (CH4) emissions from Agriculture (Mt CO2e),Methane (CH4) emissions from Building (Energy) (Mt CO2e),Methane (CH4) emissions from Fugitive Emissions (Energy) (Mt CO2e),Methane (CH4) emissions from Industrial Combustion (Energy) (Mt CO2e),Methane (CH4) emissions from Industrial Processes (Mt CO2e),Methane (CH4) emissions from Power Industry (Energy) (Mt CO2e),Methane (CH4) emissions from Transport (Energy) (Mt CO2e),Methane (CH4) emissions from Waste (Mt CO2e),Mineral rents (% of GDP),"Mortality rate attributed to household and ambient air pollution, age-standardized (per 100,000 population)","Mortality rate attributed to unintentional poisoning (per 100,000 population)","Mortality rate attributed to unintentional poisoning, female (per 100,000 female population)","Mortality rate attributed to unintentional poisoning, male (per 100,000 male population)","Mortality rate attributed to unsafe water, unsafe sanitation and lack of hygiene (per 100,000 population)",Natural gas rents (% of GDP),Nitrous oxide (N2O) emissions (total) excluding LULUCF (% change from 1990),Nitrous oxide (N2O) emissions (total) excluding LULUCF (Mt CO2e),Nitrous oxide (N2O) emissions from Agriculture (Mt CO2e),Nitrous oxide (N2O) emissions from Building (Energy) (Mt CO2e),Nitrous oxide (N2O) emissions from Fugitive Emissions (Energy) (Mt CO2e),Nitrous oxide (N2O) emissions from Industrial Combustion (Energy) (Mt CO2e),Nitrous oxide (N2O) emissions from Industrial Processes (Mt CO2e),Nitrous oxide (N2O) emissions from Power Industry (Energy) (Mt CO2e),Nitrous oxide (N2O) emissions from Transport (Energy) (Mt CO2e),Nitrous oxide (N2O) emissions from Waste (Mt CO2e),Nitrous oxide emissions in industrial and energy processes (% of total nitrous oxide emissions),Oil rents (% of GDP),"PM2.5 air pollution, mean annual exposure (micrograms per cubic meter)","PM2.5 air pollution, population exposed to levels exceeding WHO guideline value (% of total)","PM2.5 pollution, population exposed to levels exceeding WHO Interim Target-1 value (% of total)","PM2.5 pollution, population exposed to levels exceeding WHO Interim Target-2 value (% of total)","PM2.5 pollution, population exposed to levels exceeding WHO Interim Target-3 value (% of total)",People practicing open defecation (% of population),"People practicing open defecation, rural (% of rural population)","People practicing open defecation, urban (% of urban population)",People using at least basic drinking water services (% of population),"People using at least basic drinking water services, rural (% of rural population)","People using at least basic drinking water services, urban (% of urban population)",People using at least basic sanitation services (% of population),"People using at least basic sanitation services, rural (% of rural population)","People using at least basic sanitation services, urban (% of urban population)",People using safely managed drinking water services (% of population),"People using safely managed drinking water services, rural (% of rural population)","People using safely managed drinking water services, urban (% of urban population)",People using safely managed sanitation services (% of population),"People using safely managed sanitation services, rural (% of rural population)","People using safely managed sanitation services, urban (% of urban population)",People with basic handwashing facilities including soap and water (% of population),"People with basic handwashing facilities including soap and water, rural (% of rural population)","People with basic handwashing facilities including soap and water, urban (% of urban population)","Plant species (higher), threatened",Population living in areas where elevation is below 5 meters (% of total population),Population living in slums (% of urban population),Renewable electricity output (% of total electricity output),Renewable energy consumption (% of total final energy consumption),Renewable internal freshwater resources per capita (cubic meters),"Renewable internal freshwater resources, total (billion cubic meters)",Rural land area (sq. km),Rural land area where elevation is below 5 meters (% of total land area),Rural land area where elevation is below 5 meters (sq. km),Rural population living in areas where elevation is below 5 meters (% of total population),Surface area (sq. km),Terrestrial and marine protected areas (% of total territorial area),Terrestrial protected areas (% of total land area),Total fisheries production (metric tons),Total greenhouse gas emissions excluding LULUCF (% change from 1990),Total greenhouse gas emissions excluding LULUCF (Mt CO2e),Total greenhouse gas emissions excluding LULUCF per capita (t CO2e/capita),Total greenhouse gas emissions including LULUCF (Mt CO2e),Total natural resources rents (% of GDP),Urban land area (sq. km),Urban land area where elevation is below 5 meters (% of total land area),Urban land area where elevation is below 5 meters (sq. km),Urban population living in areas where elevation is below 5 meters (% of total population),"Water productivity, total (constant 2015 US$ GDP per cubic meter of total freshwater withdrawal)"
1960,,,,,,,,,,,,,,,,,,,,,,,,,,,,,,,,0.0,,,,16650.0,,,,,,,,,,,,,,,,,,,,,,,,,,,,,,,,,,,,,,,,,,,,,,,,,,,,,,,,,,,,,,,,,,,,,,,,,,,,,,,,,,,,,,,,,,,,,,,,,,,,,16650.0,,,,,,,,,,
1961,,,,,,,,,,,,,,,,,,,,,,,,,,55.6642636457261,,,,,,0.0,19.9536560247168,207.0,,21800.0,,,,,,,,,,,,,,,,,,,,,,,,,,,,,,155360.0,,,,,,,,,,,,,,,,,,,,,,,,,,,,,,,,,,,,,,,,,,,,,,,,,,,,,,,,,,,,,,971.902180536101,4.195,,,,,163610.0,,,21800.0,,,,,,,,,,
1962,,,,,,,,,,,,,,,,,,,,,,,,,,55.6513903192585,,,,,,0.0,19.9536560247168,207.0,,20804.0,,,,,,,,,,,,,,,,,,,,,,,,,,,,,,155360.0,,,,,,,,,,,,,,,,,,,,,,,,,,,,,,,,,,,,,,,,,,,,,,,,,,,,,,,,,,,,,,960.144065096623,4.195,,,,,163610.0,,,20804.0,,,,,,,,,,
1963,,,,,,,,,,,,,,,,,,,,,,,,,,55.6385169927909,,,,,,0.0,19.9536560247168,207.0,,26060.0,,,,,,,,,,,,,,,,,,,,,,,,,,,,,,155360.0,,,,,,,,,,,,,,,,,,,,,,,,,,,,,,,,,,,,,,,,,,,,,,,,,,,,,,,,,,,,,,947.566268086488,4.195,,,,,163610.0,,,26060.0,,,,,,,,,,
1964,,,,,,,,,,,,,,,,,,,,,,,,,,56.1663233779609,,,,,,0.0,20.4685890834192,207.0,,21676.0,,,,,,,,,,,,,,,,,,,,,,,,,,,,,,155360.0,,,,,,,,,,,,,,,,,,,,,,,,,,,,,,,,,,,,,,,,,,,,,,,,,,,,,,,,,,,,,,934.325700816661,4.195,,,,,163610.0,,,21676.0,,,,,,,,,,
1965,,,,,,,,,,,,,,,,,,,,,,,,,,56.1534500514933,,,,,,0.0,20.4685890834192,207.0,,23201.0,,,,,,,,,,,,,,,,,,,,,,,,,,,,,,155360.0,,,,,,,,,,,,,,,,,,,,,,,,,,,,,,,,,,,,,,,,,,,,,,,,,,,,,,,,,,,,,,919.676808688589,4.195,,,,,163610.0,,,23201.0,,,,,,,,,,
1966,,,,,,,,,,,,,,,,,,,,,,,,,,56.1405767250257,,,,,,0.0,20.4685890834192,207.0,,26193.0,,,,,,,,,,,,,,,,,,,,,,,,,,,,,,155360.0,,,,,,,,,,,,,,,,,,,,,,,,,,,,,,,,,,,,,,,,,,,,,,,,,,,,,,,,,,,,,,901.70705289678,4.195,,,,,163610.0,,,26193.0,,,,,,,,,,
1967,,,,,,,,,,,,,,,,,,,,,,,,,,56.1277033985582,,,,,,0.0,20.4685890834192,207.0,,28207.0,,,,,,,,,,,,,,,,,,,,,,,,,,,,,,155360.0,,,,,,,,,,,,,,,,,,,,,,,,,,,,,,,,,,,,,,,,,,,,,,,,,,,,,,,,,,,,,,881.122964437919,4.195,,,,,163610.0,,,28207.0,,,,,,,,,,
1968,,,,,,,,,,,,,,,,,,,,,,,,,,56.1148300720906,,,,,,0.0,20.4685890834192,207.0,,28484.0,,,,,,,,,,,,,,,,,,,,,,,,,,,,,,155360.0,,,,,,,,,,,,,,,,,,,,,,,,,,,,,,,,,,,,,,,,,,,,,,,,,,,,,,,,,,,,,,859.648939455509,4.195,,,,,163610.0,,,28484.0,,,,,,,,,,
1969,,,,,,,,,,,,,,,,,,,,,,,,,,57.0803295571576,,,,,,0.0,20.5072090628218,207.0,,30127.0,,,,,,,,,,,,,,,,,,,,,,,,,,,,,,155360.0,,,,,,,,,,,,,,,,,,,,,,,,,,,,,,,,,,,,,,,,,,,,,,,,,,,,,,,,,,,,,,838.212583099436,4.195,,,,,163610.0,,,30127.0,,,,,,,,,,
1970,,,,,,,,,,,6.80908376674505,93978325.6644472,4.6262595,63851193.0228573,0.534825279918502,7381607.57769424,,0.0495365392499147,683698.596961682,0.27585121925635,3807272.25663147,,,,,58.2711122554068,,,,,,0.0,20.5522657054583,207.0,,22660.0,,4.2609,0.83035883412623,0.0608,0.8314,0.1933,0.9856,0.4444,0.8538,0.8915,,,,,,,0.699418462745882,,,,,,,,,,,,0.279364840433294,155360.0,,,,,,4.7715,1.9359,0.1164,2.0689,0.0011,0.0002,0.0009,0.0111,0.6371,0.206343649722875,,,,,,0.123129314322068,,1.441,0.7248,0.0444,0.0033,0.0019,0.6051,0.0018,0.0101,0.0497,,2.03817424442132,,,,,,,,,,,,,,,,,,,,,,,,,,,,,817.516324992263,4.195,,,,,163610.0,,,22660.0,,10.4734,2.04104302221072,,2.64701204889956,,,,,
1971,,,,,,,,,,,6.51205454270641,106055950.44117,4.6262595,75343709.8909926,0.614965452004463,10015386.8603366,,0.0247086528932549,402407.512027077,0.253416116728687,4127159.39962038,,,,,58.3032955715757,,,,,,0.0,20.5973223480947,207.0,,25870.0,,4.2753,0.812538557238042,0.0608,0.8314,0.1933,0.9856,0.4589,0.8538,0.8915,,,,,,,0.63475121316768,0.0,,,,,,,,,,,0.258791881146037,155360.0,,,,,,5.0329,2.0976,0.1164,2.0682,0.0011,0.0001,0.0009,0.0108,0.7377,0.160880775390579,,,,,,0.137621604601247,,1.5384,0.7891,0.0444,0.0033,0.0019,0.6314,0.0018,0.0106,0.056,,2.29036569671627,,,,,,,,,,,,,,,,,,,,,,,,,,,,,797.277208058753,4.195,,,,,163610.0,,,25870.0,,10.8467,2.06146047500617,,2.84765995785413,,,,,
1972,,,,,,,,,,,6.17095602505748,133417336.823449,4.6262595,100020680.659191,0.578696294570325,12511532.7572687,,0.0259751794015732,561588.714163126,0.182184991776134,3938876.94439493,,,,,58.9340885684861,,,,,,0.0,20.7904222451081,207.0,,28289.0,,4.8126,0.891790821444117,0.0608,0.9008,0.2421,1.1561,0.4975,0.9782,0.9771,,,,,,,0.606851812791947,0.0,,,,,,,,,,,0.186324479347336,155360.0,,,,,,5.1211,2.195,0.1182,2.0173,0.0013,0.0002,0.0011,0.0115,0.7767,0.120108160932474,,,,,,0.156716135660847,,1.6361,0.8482,0.0459,0.0035,0.0022,0.6625,0.0019,0.012,0.0598,,2.12590015133778,,,,,,,,,,,,,,,,,,,,,,,,,,,,,777.347482848787,4.195,,,,,163610.0,,,28289.0,,11.5698,2.14392250466362,,2.58904892727844,,,,,
1973,,,,,,,,,,,6.61985690006728,172813437.006974,5.7,148800284.629981,0.712582860486211,18602198.6776832,,0.121725066306715,3177670.96720044,0.197150360738316,5146671.89346752,,,,,59.5005149330587,,,,,,0.0,21.1766220391349,207.0,,30674.0,,4.8371,0.873557630314875,0.0608,0.9392,0.2143,1.1283,0.4471,0.9816,1.0658,,,,,,,0.613960428056724,0.0,,,,,,,,,,,0.199362506045949,155360.0,,,,,,5.1506,2.2126,0.1201,1.9862,0.0013,0.0002,0.001,0.0122,0.817,0.251731882231962,,,,,,0.156395762554286,,1.688,0.8359,0.0475,0.0035,0.0022,0.7218,0.0016,0.0136,0.0618,,2.55387238440898,,,,,,,,,,,,,,,,,,,,,,,,,,,,,757.5973742885,4.195,,,,,163610.0,,,30674.0,,11.6757,2.10857679689636,,3.16136253524118,,,,,
1974,,,,,,,,,,,5.53596408343548,189326166.867182,4.8,164156701.030928,2.66687189452338,91205185.8910537,,1.7939493115939,61351833.5016582,0.179173738592155,6127618.71638874,,,,,59.8094747682801,,,,,,0.0,21.4984552008239,207.0,,42347.0,,5.3315,0.93787260272093,0.0698,1.0273,0.1713,1.3795,0.4141,1.0923,1.1772,,,,,,,0.626152845219193,0.0,,,,,,,,,,,0.182665873580348,155360.0,,,,,,5.4188,2.3077,0.1223,2.114,0.0015,0.0002,0.0011,0.014,0.858,3.76631213425197,,,,,,0.126101965297509,,1.7705,0.8674,0.0491,0.0033,0.0025,0.7666,0.0016,0.0149,0.065,,8.89423484787288,,,,,,,,,,,,,,,,,,,,,,,,,,,,,737.949089077052,4.195,,,,,163610.0,,,42347.0,,12.5208,2.20255374362716,,12.9693148210027,,,,,
1975,,,,,,,,,,,5.82986214409796,244439758.008065,4.6,192872980.362913,2.72969212187956,114453011.960886,,1.62844986578181,68279125.8662878,0.187768438106333,7872925.71209948,,,,,60.2471678681771,,,,25.5065554231228,1.07,2.0,21.9490216271885,207.0,,45271.0,,5.429,0.929740778886099,0.0717,1.0421,0.1895,1.3183,0.4431,1.114,1.2504,,,,,,,0.595023184561266,0.0,,,,,,,,,,,0.19237533484144,155360.0,,27.16908311,,,,5.7526,2.3801,0.1246,2.3293,0.0015,0.0002,0.0014,0.0143,0.9012,3.46850459308865,,,,,,0.191387297539175,,1.7835,0.9031,0.0508,0.0034,0.0025,0.7385,0.0016,0.0162,0.0674,,8.03513850477648,,,,,,,,,,,,,,,,,,,,,,,,,,,,,718.412703523151,4.195,,,,,163610.0,,,45273.0,,12.9651,2.22033195290775,,11.8874057302457,,,,,8.52711609790813
1976,,,,,,,,,,,7.94350789269284,342860177.420613,4.8,207179104.477612,2.00156156871327,86392027.7839206,26.9669817305772,0.392602053275851,16945612.8778672,0.138380978475551,5972843.16610425,19.0234738378844,821097140.372117,,,60.6848609680741,,,,29.4636471990465,1.236,9.0,22.399588053553,207.0,,50024.0,,5.7921,0.96583388277527,0.0673,1.118,0.204,1.2692,0.5222,1.2398,1.3716,,,,,,,0.588466616284958,0.0,,,,,,,,,,,0.140160035300767,155360.0,,31.38409974,,,,5.3733,2.3492,0.1276,1.9365,0.0014,0.0002,0.0016,0.0152,0.9417,0.863322802907153,,,,,,0.201101980080812,,1.793,0.8988,0.0525,0.0034,0.0024,0.746,0.0018,0.0179,0.0701,,6.7641331511916,,,,,,,,,,,,,,,,,,,,,,,,,,,,,699.517124746165,4.195,,,,,163610.0,,,50033.0,,12.9584,2.16081590210029,,7.96871796948033,,,,,7.96334901396423
1977,,,,,,,,,,,8.4746242683922,416125781.383873,5.4,265153846.153846,2.59216163391058,127281782.793302,23.3235568039446,1.17543922302156,57717079.7970842,0.206115005447083,10120775.2674658,14.8489325355523,729120661.681607,,,60.9745108135942,,,,33.4207389749702,1.402,17.0,22.7021112255407,207.0,,55721.0,,6.5195,1.05905995372593,0.0723,1.1493,0.2313,1.5126,0.5832,1.5418,1.429,,,,,,,0.640520344161908,0.0,,,,,,,,,,,0.209344422834279,155360.0,,35.59911637,,,,5.6973,2.3573,0.1308,2.2073,0.0016,0.0002,0.0019,0.0159,0.9824,2.49208085805657,,,,,,0.206977033299091,,1.8374,0.9147,0.0545,0.0037,0.0027,0.7642,0.0025,0.0191,0.0759,,7.48354615911459,,,,,,,,,,,,,,,,,,,,,,,,,,,,,681.456631011621,4.195,,,,,163610.0,,,55738.0,,14.0543,2.28305028110289,,10.3919484733045,,,,,7.25994528626075
1978,,,,,,,,,,,8.99545785180669,517444152.883479,5.6,322127823.161941,2.99354620722593,172197236.297924,24.4813232116135,0.0079680754453983,458346.21393148,0.218015355009352,12540859.2366143,15.4858653598068,890790731.809551,,,60.2278578784758,,,,37.3778307508939,1.568,28.0,21.9683316168898,207.0,,56396.8,,7.2359,1.14684620858752,0.0827,1.2327,0.2263,1.5752,0.7938,1.7813,1.544,,,,,,,0.667889163322714,0.0,,,,,,,,,,,0.222078620602639,155360.0,,39.814133,,,,5.7573,2.0763,0.1344,2.5022,0.0016,0.0002,0.0023,0.0161,1.0242,0.038698022268021,,,,,,0.194142955047072,,1.7633,0.8328,0.0566,0.0037,0.0028,0.7635,0.0029,0.021,0.0801,,7.52116486918051,,,,,,,,,,,,,,,,,,,,,,,,,,,,,664.882025045211,4.195,,,,,163610.0,,,56424.8,,14.7565,2.33881563827882,,7.97608446709825,,,,,6.9094280851917
1979,,,,,,,,,,,9.23700273815662,639364196.909011,5.3,366853874.538746,7.24050177218488,501170967.685034,28.4789650595116,0.0343936158950914,2380647.40575692,0.191760734673941,13273239.3395343,19.2419623213549,1331884609.68257,,,59.8159114315139,,,,41.3349225268176,1.734,41.0,21.9232749742533,207.0,,59708.1,,8.5442,1.32336516573661,0.0792,1.2994,0.2565,2.0673,1.031,2.1677,1.6431,,,,,,,0.740045432225003,0.0,,,,,,,,,,,0.194849741268664,155360.0,,44.02914963,,,,5.6988,1.6948,0.1381,2.778,0.0021,0.0003,0.0019,0.0161,1.0676,0.0962831684392982,,,,,,0.225100278429631,,1.6456,0.6982,0.0588,0.0038,0.0037,0.7738,0.0026,0.0235,0.0812,,16.2800073164075,,,,,,,,,,,,,,,,,,,,,,,,,,,,,649.740978706617,4.195,,,,,163610.0,,,59749.1,,15.8886,2.46089976502454,,16.7962405045451,,,,,6.65830875487928
1980,,,,,,,,,,,9.43993994089848,797743702.044266,4.7,397184243.022969,7.22782972606422,610804272.00973,26.2085453502926,0.156184450730514,13198724.0075228,0.17470409933732,14763769.2443198,16.7686054093941,1417069328.95341,,,58.322605561277,,,,45.2920143027414,1.9,56.0,20.5393923789907,207.0,,61067.5,,9.418,1.4256315473582,0.0817,1.3674,0.2905,2.058,1.282,2.5676,1.7708,,,,,,,0.759391288260026,0.0,,,,,,,,,,,0.178111887586386,155360.0,,48.24416626,,,,5.9649,1.8517,0.1418,2.8341,0.0021,0.0003,0.0021,0.0173,1.1155,0.348128114526841,,,,,,0.140740155399833,,1.693,0.7584,0.0609,0.004,0.0038,0.7509,0.0029,0.0255,0.0867,,15.6604734716248,,,,,,,,,,,,,,,,,,,,,,,,,,,,,635.010017112725,4.195,,,,,163610.0,,,61123.5,,17.0759,2.5848313590501,,16.3274536291379,,,,,6.52738868867016
1981,,,,,,,,,,,9.39882693900796,763764132.404966,4.6,373803564.196031,5.6558216417116,459601366.984531,25.8877652205691,0.257760145521857,20946013.2834256,0.178013309336684,14465654.2400832,16.4889382815612,1339918239.01216,,,58.7538619979403,,,,47.1990464839094,1.98,72.0,20.4042224510814,207.0,,57995.5,,9.7384,1.44095749749493,0.0962,1.4303,0.3251,2.0579,1.3379,2.6023,1.8887,,,,,,,0.744190542366248,0.0,,,,,,,,,,,0.180948565604753,155360.0,,50.27549958,,,,6.1088,1.8209,0.1455,2.9582,0.0021,0.0003,0.0021,0.0178,1.1617,0.564724408681645,,,,,,0.134610218046519,,1.6812,0.76,0.063,0.0041,0.0037,0.7321,0.0028,0.0299,0.0856,,13.8648207216135,,,,,,,,,,,,,,,,,,,,,,,,,,,,,620.719697485338,4.195,,,,,163610.0,,,58067.5,,17.5285,2.59363175622688,,14.7451039139464,,,,,6.60903835561416
1982,,,,,,,,,,,9.91292195481128,777074405.142266,5.0,391950228.542408,4.44144356871754,348164964.363409,23.464099375033,0.130598644566936,10237633.7170679,0.408063643665615,31988127.678917,13.5511774202217,1062277417.37492,,,59.3202883625129,,,,49.1060786650775,2.06,117.0,20.3398558187436,207.0,,63689.0,,9.4684,1.37051536322189,0.1172,1.5226,0.2624,1.772,1.2407,2.6494,1.9042,,,,,,,0.727147843362744,0.0,,,,,,,,,,,0.414227451215763,155360.0,,52.3068329,,,,6.2464,1.8913,0.1495,2.9726,0.0018,0.0002,0.0022,0.0184,1.2106,0.297354178152011,,,,,,0.0595200451392078,,1.6788,0.8196,0.0655,0.0041,0.0031,0.668,0.0028,0.0302,0.0855,,11.1748939567469,,,,,,,,,,,,,,,,,,,,,,,,,,,,,607.210505335202,4.195,,,,,163610.0,,,63806.0,,17.3937,2.51767279300331,,11.9459956312539,,,,,6.32101259952268
1983,,,,,,,,,,,10.4591580069221,845392108.438109,5.0,404139658.220389,4.78298872209871,386599085.484189,27.5491772953654,0.10081188593529,8148416.22528817,0.275518860835839,22269619.6502934,17.0900192884434,1381350910.84227,,,59.9961380020597,,,,51.0131108462455,2.14,160.0,20.211122554068,207.0,,67951.3,,11.0,1.55944313703252,0.1031,1.584,0.3206,2.2522,1.6333,3.0639,2.0429,,,,,,,0.80698811765854,0.0,,,,,,,,,,,0.280799332719313,155360.0,,54.33816621,,,,6.4453,1.9826,0.1533,3.023,0.0023,0.0003,0.0025,0.0204,1.261,0.232731138971281,,,,,,0.175409954863708,,1.6769,0.8284,0.068,0.0041,0.0041,0.6453,0.0035,0.0322,0.0913,,11.6357509310163,,,,,,,,,,,,,,,,,,,,,,,,,,,,,594.714905441039,4.195,,,,,163610.0,,,68111.3,,19.1222,2.71090759590575,,12.3246913575706,,,,,6.36959430183681
1984,,,,,,,,,,,11.0261575598889,882163576.454085,5.1,408032826.982492,5.82287289237948,465867311.26222,26.5279937878647,0.0198865244521569,1591049.95903334,0.282606086531586,22610305.9627337,15.5018362279759,1240246678.33738,,,60.1313079299691,,,,52.9201430274136,2.22,116.0,20.0823892893924,207.0,,75739.162,,11.4605,1.5873171964049,0.1356,1.6981,0.2642,2.3544,1.7557,3.105,2.1474,,,,,,,0.795064559409593,0.0,,,,,,,,,,,0.288038501241547,155360.0,,56.36949953,,,,6.6154,2.092,0.1566,3.0258,0.0024,0.0003,0.0034,0.0214,1.3136,0.0559180117041879,,,,,,0.156513668014086,,1.7685,0.9088,0.0704,0.0042,0.0042,0.6458,0.0029,0.0351,0.0973,,11.4259602258547,,,,,,,,,,,,,,,,,,,,,,,,,,,,,581.021389897347,4.195,,,,,163610.0,,,75855.162,,19.8444,2.74851510600212,,11.9264304068146,,,,,6.49304176156578
1985,,,,,,,,,,,11.9596741638255,963767726.984943,5.2,419040862.792091,5.59306200298691,450715678.342557,24.7026127648127,0.013813425960361,1113151.91010468,0.117043913990037,9431958.21210548,12.7429386009873,1026886920.35853,,,59.783728115345,,,,54.8271752085816,2.3,147.0,19.7605561277034,207.0,,89678.507,,11.8588,1.60039881763634,0.14,1.7953,0.372,2.4793,1.8518,2.9663,2.2542,,,,,,,0.778710333323042,0.0,,,,,,,,,,,0.117953000159683,155360.0,,58.40083285,,,,6.6719,2.1899,0.1615,2.925,0.0025,0.0003,0.0038,0.0228,1.3661,0.0463147300929034,,,,,,0.135454573702938,,1.8094,0.9729,0.073,0.0045,0.0044,0.6122,0.0023,0.0368,0.1034,,10.8045581370498,,,,,,,,,,,,,,,,,,,,,,,,,,,,,566.134266534933,4.195,,,,,163610.0,,,89825.507,,20.3401,2.74498869958217,,11.1042804410053,,,,,6.62120403359419
1986,,,,,,,,,,,12.986408650053,1116373184.90934,5.6,481402518.891688,2.50361052548939,215222216.659702,20.2339458636811,0.0033138475511607,284874.028277112,0.281119491108582,24166362.7016466,7.24753721362825,623032619.714622,,,59.1786817713697,,,,58.5220500595948,2.455,182.0,19.5030895983522,207.0,,91220.837,,12.2082,1.60627848818093,0.1593,1.9035,0.4305,2.5027,1.8555,3.1538,2.2029,,,,,,,0.813423899651424,0.0,,,,,,,,,,,0.281477293433959,155360.0,,62.33654115,,,,6.6141,2.1308,0.1666,2.8663,0.0024,0.0003,0.0029,0.0225,1.4223,0.021052949743326,,,,,,0.136241594900856,,1.7548,0.957,0.0759,0.0048,0.0042,0.567,0.0029,0.0357,0.1073,,4.84950101303567,,,,,,,,,,,,,,,,,,,,,,,,,,,,,551.951824013286,4.195,,,,,163610.0,,,91402.837,,20.5771,2.70740593037039,,5.28827285111382,,,,,6.11340560089711
1987,,,,,,,,,,,12.5372672655336,1154708488.04374,5.5059218,507106891.981417,2.98066498116675,274525467.222821,24.090660204162,0.0020286177629804,186839.930927336,0.267554788146656,24642354.5375812,11.5533929386284,1064091608.59275,,,59.2559217301751,,,,62.2169249106079,2.61,212.0,19.1812564366632,207.0,,97504.5,,12.3458,1.58482934567157,0.1574,1.9927,0.4159,2.1824,1.9619,3.4352,2.2004,,,,,,,0.770929261525498,0.0,,,,,,,,,,,0.266878987715333,155360.0,,66.27224945,,,,6.7474,2.3142,0.1708,2.7552,0.0019,0.0003,0.004,0.0222,1.4788,0.0130931871897731,,,,,,0.0991272609861777,,1.8008,1.0239,0.0788,0.0048,0.0031,0.5425,0.0027,0.0351,0.1098,,5.88932533694232,,,,,,,,,,,,,,,,,,,,,,,,,,,,,538.511810096731,4.195,,,,,163610.0,,,97716.5,,20.894,2.68216108704674,,6.2684247728336,,,,,6.1357011686406
1988,,,,,,,,,,,11.7044847879667,1123455886.57266,5.5059218,528486334.022849,2.27060035162324,217943752.09985,23.9360330442419,0.0827515954471675,7942918.35245743,0.263488749937149,25290988.2429764,12.2315482562752,1174046114.74548,,,59.024201853759,,,,65.911799761621,2.765,993.0,18.8980432543769,207.0,,99183.162,,13.1372,1.64741348608805,0.1399,2.0532,0.2401,2.4836,2.1142,3.832,2.2741,,,,,,,0.819756435364829,0.0,,,,,,,,,,,0.262836000239685,155360.0,,70.20795775,,,,6.7372,2.2959,0.1745,2.7007,0.0025,0.0002,0.0039,0.0238,1.5356,0.184874010847409,,,,,,0.0898707880840895,,1.7392,0.9734,0.0816,0.0042,0.0043,0.5246,0.0033,0.0354,0.1124,,4.6433547510392,,,,,,,,,,,,,,,,,,,,,,,,,,,,,526.055748115228,4.195,,,,,163610.0,,,100176.162,,21.6137,2.71037213898405,,5.18093555021038,,,,,5.79592612467586
1989,,,,,,,,,,,11.185580483651,1076457469.97251,5.5059218,529868848.501633,3.19550534455272,307523208.429688,24.0034726689231,0.0716994546647688,6900081.19647034,0.277375458649193,26693552.9082633,12.8178921852721,1233544902.94944,,,59.3395983522142,,,,69.6066746126341,2.92,820.0,18.7306900102987,207.0,,93117.5,,14.1765,1.73909363246259,0.1482,2.1462,0.2549,3.1569,2.2686,3.8229,2.3788,,,,,,,0.869422182418737,0.0,,,,,,,,,,,0.27689917459064,155360.0,,74.14366605,,,,6.8416,2.2957,0.1767,2.7407,0.0031,0.0003,0.0039,0.0282,1.593,0.146030636115362,,,,,,0.0901214819093223,,1.7401,0.9978,0.0841,0.0043,0.0055,0.5001,0.0033,0.0316,0.1135,,6.56322289169156,,,,,,,,,,,,,,,,,,,,,,,,,,,,,514.619108255251,4.195,,,,,163610.0,,,93937.5,,22.7583,2.79186079890476,,7.07627418430688,,,,,5.58412915106228
1990,,,,,13.9019128504185,1651878996.82275,12.9183185599358,1535004522.97692,1.4827820265365,176189889.323625,10.8067430534152,1284098962.93223,5.2,617884090.909093,2.98434450958933,354611345.051374,24.2392722865334,0.0356206746390084,4232586.18594082,0.227869171934824,27076295.4129148,13.4325292331182,1596105021.88751,0.983594290482712,116874473.845824,59.1593717816684,88.71544715,8.487804878,2.796747968,73.1108462455304,3.067,1023.0,18.7242533470649,207.0,,84213.518,,14.7735,1.77469926454521,0.1123,2.3154,0.2593,3.3874,2.3951,3.8127,2.4913,,,,,,0.26320757665078,0.839311493981889,0.0,,99.208397866116,0.0,0.0,,26.2032085561497,0.0003,,4.14506243563337,6439.769,0.230871039662908,155360.0,1.47000587988121,77.87624102,,,,6.7352,2.3674,0.1811,2.498,0.0032,0.0003,0.0043,0.0296,1.6513,0.0741869818573214,,,,,,0.077827792614973,,1.7091,0.9917,0.0874,0.0041,0.0056,0.4697,0.003,0.0306,0.1171,29.4849378028676,6.45080502980873,22.2514408792002,100.0,66.8522477077851,100.0,100.0,,,,,,,,,,,,,,,,,,,,7.54048928607123,,0.791602133884013,14.5,503.933625394603,4.195,151875.36835273,1.29192112305417,1989.69379512,1.27518689256817,163610.0,,,85236.518,,23.2182,2.78913747345339,,6.83369084394394,2135.1017614404,0.178084756827039,274.269171191,6.26530239350306,5.7391351223311
1991,,,,,12.5050105597616,1565382658.83207,11.5672688488579,1447995743.74736,1.53796462343635,192523080.242034,10.8305818537991,1355776945.40721,5.6,701010434.78261,3.70974547411827,464387551.382941,23.2238822302998,0.0083769417427475,1048629.20950572,0.232202777441673,29067244.6378781,12.3933003765006,1551398729.52182,0.937741710903746,117386915.084719,59.2816683831102,88.13089662,8.952959029,2.916144356,72.0715137067938,3.0234,778.0,18.7178166838311,207.0,,85735.552,3.21995464852607,15.2492,1.79363800274929,0.1557,2.4881,0.3768,3.0838,2.3469,4.2369,2.561,,,,,,0.261473394121316,0.833781564531671,0.0,,98.1757877280265,0.0,0.0,,,0.0019,,4.16042868177137,6463.642,0.232776514937455,155360.0,,76.76916436,,,6.45712079819456,7.1701,2.4726,0.1855,2.7592,0.0029,0.0003,0.0033,0.0323,1.7141,0.0253883184929427,,,,,,0.0521038206147924,8.7414428646656,1.8585,1.0938,0.0907,0.0047,0.0049,0.5109,0.0041,0.0283,0.1211,,4.20887815968531,21.8329073519445,,,,,,,,,,,,,,,,,,,,,,,,,,1.82421227197347,14.8,493.423354768334,4.195,,,,,163610.0,,,86513.552,4.57227519790511,24.2798,2.85583322267084,,4.51914681373049,,,,,6.04921699098207
1992,,,,,5.15129695928596,760847259.841346,4.29619405112858,634548444.281683,1.4611266972883,215808611.442765,18.17983811559,2685164556.4078,5.4,797580732.700134,3.3782678805256,498970624.334617,22.9378365632996,0.0070473538513704,1040895.1200691,0.16025955675842,23670358.2780703,4.75799844770964,702757016.316733,0.855102908157376,126298815.559662,60.2149845520082,87.52928576,9.431688868,3.03902537,71.0321811680572,2.9798,859.0,18.7178166838311,207.0,,86338.0,9.7302602633093,16.211,1.86708639158806,0.1623,2.59,0.6198,3.4145,2.3037,4.4842,2.6366,,,,,,0.257838882098389,0.822191899239077,0.0,,98.9520727384805,0.0,0.0,,,0.003,,4.17579492790937,6487.515,0.160170898578133,155360.0,,75.6620877,,,9.68345409193492,7.3874,2.4771,0.1894,2.8852,0.0031,0.0003,0.0044,0.0363,1.7916,0.0233740186540244,,,,,,0.0667369148861861,7.56538529050377,1.8384,1.1104,0.0939,0.0057,0.0053,0.4683,0.0038,0.0283,0.1227,,3.89144902224995,21.5795846150632,,,,,,,,,,,,,,,,,,,,,,,,,,1.04792726151949,14.2,483.155105342786,4.195,,,,,163610.0,,,87197.0,9.56835585876599,25.4398,2.93000458853383,,4.1417308543683,,,,,6.61682268046245
1993,,,,,2.88611075067487,394969015.135197,2.03819454554003,278930284.33425,1.68139300836828,230101405.642572,18.6717085475981,2555254102.50172,5.5,752684068.944902,3.00671593572148,411474033.574603,20.912320145334,0.0026527530597154,363033.630344124,0.163739149911632,22407972.6547394,2.24061159773597,306631391.692554,0.847916205134837,116038730.800947,60.6462409886715,86.90985667,9.924597514,3.165545819,69.9928486293206,2.9362,801.0,19.2263130792997,207.0,,82616.246,13.8064778150066,16.8132,1.89810011616736,0.1518,2.952,0.7075,3.0868,2.432,4.5209,2.9621,,,,,,0.261686495429659,0.834461098076072,0.0,,99.0339622641509,0.0,0.0,,,0.0049,,4.19116117404737,6511.388,0.160513027176677,155360.0,,74.55501105,,,9.03907827532962,7.344,2.6359,0.1937,2.6152,0.0029,0.0003,0.0043,0.0384,1.8533,0.0131889740298007,,,,,,0.0683268751244419,7.25528055701832,1.8331,1.1627,0.0976,0.0061,0.0049,0.4015,0.004,0.0314,0.1249,,3.35121837306816,21.4502077683729,,,,,,,,,,,,,,,,,,,,,,,,,,0.966037735849057,13.9,473.588013425289,4.195,,,,,163610.0,,,83417.246,11.9604448234575,25.9952,2.93468775365747,,3.59324724939908,,,,,6.86212539345853
1994,,,,86.8,5.46461263612592,805717050.72765,4.67084099443906,688681244.408432,1.63079879804305,240449321.000905,18.5668893421013,2737551646.93795,5.8,855167457.493081,2.38869229173259,352195157.561083,22.4054267117085,0.0243145065138174,3584995.64062417,0.130119137191827,19185112.3661255,3.83853736960721,565964179.803307,0.793771641686864,117035806.319218,59.7515447991761,86.27180583,10.43232435,3.29586982,68.953516090584,2.8926,1137.0,18.2157569515963,207.0,,85809.814,14.5497004772058,16.923,1.87648695207867,0.1358,3.0345,0.7081,2.9046,2.4724,4.5724,3.0952,,,,,,0.255281562744201,0.814037166176051,0.0,,99.4324631101021,0.0,0.0,,,0.0115,,4.20652742018538,6535.261,0.128411802046379,155360.0,,73.44793439,,,6.23737973631073,7.1553,2.4762,0.2036,2.5111,0.0026,0.0003,0.0062,0.0412,1.9142,0.0408704042716969,,,,,,0.0634952871073838,-3.5106196243637,1.6491,1.0736,0.1017,0.0063,0.0044,0.3006,0.0033,0.0319,0.1274,,2.66718328891885,21.4035119116903,,,,,,,,,,,,,,,,,,,,,,,,,,0.567536889897843,14.2,465.157641314781,4.195,,,,,163610.0,,,86946.814,10.8565694153724,25.7389,2.85402765531275,,2.89996078234431,,,,,7.18695190914912
1995,,,,88.7,5.15979257815373,886123582.965557,4.39260145833943,754369033.996369,1.49367524294909,256518229.758492,18.2835009117542,3139940432.03862,5.9,1013244052.02496,2.10411175880736,361352326.170733,21.3480694075839,0.0362678215584861,6228500.75831162,0.170721094360969,29319005.6638039,3.06456849582964,526297593.291941,0.767191119814304,131754548.969188,60.1699279093718,85.61428071,10.95554778,3.430171509,67.9141835518474,2.849,960.0,18.2929969104016,207.0,,83255.715,17.0081564964294,17.2862,1.88688060089564,0.1152,3.1728,0.6953,2.9271,2.6417,4.5365,3.1976,,,,,,0.254769066799511,0.812402928505272,0.0,,99.4914591211371,0.0,0.0,,26.3279445727483,0.0198,,4.2218943099897,6559.135,0.170070128924409,155360.0,,72.34085773,,,6.35021974106189,7.1629,2.4738,0.2131,2.4524,0.0025,0.0003,0.0069,0.0432,1.9707,0.0610283450307804,,,,,,0.0559094648997611,3.36434380668187,1.7666,1.0357,0.1053,0.0065,0.0043,0.4459,0.0029,0.0333,0.1327,,2.42755447750049,21.3982321448318,100.0,54.0881080712426,100.0,100.0,,,,,,,,,,,,,,,,,,,,,,0.508540878862955,14.4,457.906545149149,4.195,,,,,163610.0,,,84215.715,12.9949780775426,26.2354,2.86373334317187,,2.71456241635544,,,,,7.46853815338369
1996,,,,90.4,7.3834755176391,1369606643.12302,6.67811562514627,1238765064.2158,1.48621739128799,275687676.808857,18.0605040572185,3350154852.66025,5.7,1057328333.67578,2.44988024568459,454443473.311383,23.8687699208928,0.0220604957581567,4092138.10877778,0.166632213304514,30909642.1806962,5.80826586367434,1077411239.85696,0.705359892492826,130841578.907222,60.0154479917611,84.93744669,11.49417117,3.568382144,66.8557806912992,2.8046,1351.0,18.312306900103,207.0,,83534.01,20.6924560869124,17.8305,1.91840663313261,0.155,3.3089,0.6674,3.1395,2.4352,4.8044,3.32,,,,,,0.24526433153286,0.78209440297548,0.0,,99.1547874353475,0.0,0.0,,,0.031,,4.2372605561277,6583.008,0.165065502548933,155360.0,,71.21346774,,,10.5579641287564,7.4463,2.6679,0.2225,2.4675,0.0028,0.0002,0.0075,0.0472,2.0307,0.0360616191422632,,,,,,0.142407984533904,12.930782283073,1.9301,1.199,0.1097,0.0067,0.0047,0.4369,0.003,0.0336,0.1367,,2.73801506099416,22.0303255993948,,,,,,,,,,,,,,,,,,,,,,,,,,0.845212564652454,14.4,451.345493732161,4.195,,,,,163610.0,,,84885.01,17.312711579709,27.2379,2.93056100684797,,3.08155016721926,,,,,8.12893056918409
1997,,,,92.0,8.13039214317398,1613764108.31667,7.46324303198068,1481344752.45042,1.49140985502436,296023076.43288,16.8749356415032,3349428291.87825,6.0,1190912379.05778,1.99545645029872,396068964.75524,22.6527569149975,0.0034605335802953,686865.379819818,0.157102291416991,31182510.6044729,5.77782127349435,1146813146.4313,0.667149111193305,132419355.86625,60.163491246138,84.2394051,12.0496715,3.710923399,65.7973778307509,2.7602,1875.0,18.312306900103,207.0,,86390.305,24.365248586997,18.3731,1.9501723228397,0.1535,3.3691,0.6422,3.1553,2.3497,5.1923,3.511,,,,,,0.239686750482109,0.764308714797049,0.0,,99.4813155723211,0.0,0.0,,,0.0428,,4.2526268022657,6606.881,0.157209537766045,155360.0,,70.08607775,,,10.2803183275924,7.4276,2.5773,0.2317,2.4738,0.0028,0.0003,0.0081,0.0498,2.0837,0.0102308277568756,,,,,,0.284079753579198,7.93985138376923,1.8448,1.1396,0.114,0.0069,0.0051,0.4013,0.0033,0.035,0.1397,,2.13042894995226,23.5352268354955,,,,,,,,,,,,,,,,,,,,,,,,,,0.518684427678887,14.4,445.269056082673,4.195,,,,,163610.0,,,88265.305,19.2525691052709,27.6883,2.93891375578876,,2.58194906905437,,,,,8.70909595875442
1998,,,,93.2,9.1882757164638,1925124106.81825,8.55426852364449,1792287155.85414,1.52464635515504,319443336.623245,16.9431019434445,3549912410.35127,6.3904549,1338925731.13375,1.30420523518958,273256595.250311,22.7759209036938,0.0108578541124803,2274933.55067669,0.195288699328421,40916815.5666767,5.83281896024932,1222090056.67541,0.634007192819318,132836950.964111,60.6333676622039,83.51914332,12.62285463,3.858002054,64.7389749702026,2.7158,1842.0,18.5311534500515,207.0,,88097.596,29.8324703015535,19.1808,2.01021477693573,0.1877,3.423,0.6872,3.3057,2.4045,5.5611,3.6114,,,,,,0.238799997032504,0.761481051657362,0.0,,99.2074848651624,0.0,0.0,,,0.0582,,4.26799304840371,6630.754,0.196315598909337,155360.0,,68.95868776,,,16.1286969948925,7.8215,2.6618,0.241,2.7175,0.0029,0.0002,0.009,0.0581,2.131,0.0267289653438443,,,,,,0.28758241584181,13.7791820256275,1.9446,1.2364,0.1184,0.0073,0.0051,0.3925,0.0033,0.0386,0.143,,1.30206836638864,25.3308870957293,,,,,,,,,,,,,,,,,,,,,,,,,,0.792515134837644,14.5,439.65063966286,4.195,,,,,163610.0,,,89939.596,24.9239820485653,29.0051,3.03983570166513,,1.81269534648363,,,,,9.27491273007468
1999,,,,94.2,9.31592964673339,2055284765.25892,8.7121793081305,1922085082.56428,1.58183331589702,348984807.595894,16.5082665298365,3642061499.62756,5.68577051733626,1254397356.58986,1.81615099038148,400680082.770893,23.6716753896525,0.0088108917036703,1943863.05753712,0.126454532436743,27898458.2184248,7.16340885981605,1580394620.3118,0.603750338602897,133199682.694637,61.3156539649845,82.77558322,13.21457852,4.009838265,63.6805721096544,2.6714,1095.0,18.7242533470649,207.0,,92395.233,36.4903374285037,20.1644,2.08828472105786,0.1928,3.5328,0.7809,3.3081,2.4919,6.0154,3.8426,,,,,,0.236713623015554,0.75482806044999,0.0,,99.0997299189757,0.0,0.0,,,0.0849,,4.28335929454171,6654.627,0.127209163781932,155360.0,,67.83129777,,,23.1218078156551,8.2925,2.7259,0.2504,3.0549,0.0028,0.0003,0.0096,0.0675,2.1809,0.0212891009546866,,,,,,0.259413813220188,17.7286291030367,2.0121,1.2673,0.1225,0.0079,0.0049,0.4202,0.0036,0.0411,0.1446,,1.92733312637189,26.8352576226913,,,,,,,,,,,,,,,,,,,,,,,,,,0.900270081024307,14.5,434.44656944108,4.195,,,,,163610.0,,,93490.233,31.594611124032,30.5539,3.16425197569626,,2.33524520432869,,,,,9.99996190981706
2000,91.1,87.9,94.1,94.8,7.91158387866172,1624278703.79674,7.33046896858894,1504973570.03765,1.87149600729382,384225353.040456,16.0708851754966,3299414749.57066,5.55,1139436419.34778,2.78229648012615,571216205.203399,23.1900563315614,0.0069223640016966,1421188.04531806,0.0968724259813975,19888282.9177975,7.11917115606477,1461593313.65593,0.58111491007278,119305133.759087,61.476570545829,82.00757576,13.82575758,4.166666667,61.9785458879619,2.6,1554.0,18.4346035015448,207.0,,94669.83,43.0331336514705,21.131,2.16396729727336,0.1826,3.6653,0.7124,3.6237,2.7974,6.1226,4.0269,0.0449,-3.2584,0.0,-7.2147,-10.4282,0.236902667799143,0.755430882989383,0.0,,99.1789354473386,0.231313703284258,24510000.0,4.05,31.1258278145695,0.154,,4.29872554067971,6678.5,0.0969018142371271,155360.0,1.47000587988971,66.01833278,,,22.5086114740468,8.2512,2.833,0.2598,2.8455,0.0031,0.0003,0.01,0.0749,2.2247,0.0157043017549626,,0.74,0.52,0.95,,0.361382132616902,21.0110584518167,2.0682,1.2875,0.1336,0.0079,0.0052,0.4441,0.0036,0.0413,0.1449,24.5024416266568,3.22928353115798,27.4662896589768,100.0,46.0706654804032,100.0,100.0,8.74861035230338,23.2110894856278,0.411116521738764,87.5364530934515,68.7371540582739,98.3740850615388,77.6805623507761,50.5640819260435,93.3129773255597,76.7637415102755,57.4356358731259,87.9062259985224,49.2276601245852,26.7360375957939,62.1938849155278,,,,,8.05778492945834,,0.835315213288033,14.2,429.598353701279,4.195,151529.29341832,1.2755382999155,1964.46253218,1.11701781867868,163610.0,,,96223.83,36.119078998372,31.6044,3.23651923950339,21.1762,3.70327177976697,2481.176695368,0.194467579974214,299.500434137,6.94076711077966,10.7585060067261
2001,93.1,90.2,95.5,97.3,9.22141254636312,1948065863.65554,8.67248127593203,1832101605.02994,1.98152158078392,418605558.553428,15.3468540023656,3242093577.98497,5.59645529564623,1182276952.0514,1.97148695061139,416485696.721498,23.0195861425816,0.0014728083014081,311137.535736143,0.0932935498024083,19708691.998711,7.672732140216,1620899996.41352,0.548931270431088,115964258.625607,61.1418640576725,82.00757576,13.82575758,4.166666667,66.9606674612634,2.809,1868.0,17.8553038105046,207.0,,97525.097,48.9985446915084,22.0123,2.23029588506291,0.1624,3.7634,0.6981,3.7216,2.8374,6.6986,4.131,0.0449,-3.2584,0.0,-7.2147,-10.4282,0.237757141354647,0.758155612594676,0.0,,99.315308988764,0.226035814606742,25750000.0,4.12,,0.211,,4.31132852729145,6698.08,0.116469461578152,155360.0,,71.32519107,,,23.6637367858416,8.329,2.839,0.2691,2.8551,0.0032,0.0003,0.0112,0.0786,2.2725,0.0089374002012276,,0.73,0.52,0.94,,0.457939517042706,18.635539172664,2.0276,1.2572,0.1386,0.0082,0.0053,0.4251,0.0039,0.0425,0.1469,,2.34162232250109,27.1742936282429,,,,,8.24013110085393,22.0533923959911,0.40861978260835,87.8472449975765,69.2455489531909,98.3935842434482,78.3012933034024,51.6257980660138,93.4251215985889,77.0461830113393,57.8604422891648,87.9236502977232,49.9997432697967,27.8780360062193,62.54177537975,,,,,,,0.700052668539326,14.2,425.039238872762,4.195,,,,,163610.0,,,99393.097,40.3209551127994,32.58,3.30101988140037,22.1518,2.92496870132318,,,,,10.3360673250066
2002,94.7,92.2,96.6,97.8,6.64146853200906,1472002995.59798,6.1161802905421,1355579065.9708,1.9740120758893,437516443.095551,15.8401472691069,3510781406.01913,5.34,1183547879.29943,1.97479507409525,437689985.392583,21.1609081119821,0.0006491359382491,143873.307695095,0.0698360249433258,15478329.4420178,5.32076084287519,1179283747.5364,0.525288241466968,116423929.627183,62.8411431513903,81.77842577,13.96065211,4.260922121,67.3182359952324,2.824,1980.0,17.8359938208033,207.0,,96719.571,47.4078586658544,21.7773,2.183950984379,0.1592,3.7137,0.6937,3.6632,2.592,6.7188,4.2365,0.0449,-3.2584,0.0,-7.2147,-10.4282,0.232148584221767,0.740271148453561,0.0,,99.206148129381,0.26982518368381,31950000.0,4.12,,0.2657,,4.32393151390319,6717.66,0.114923687737845,155360.0,,71.70606607,,,24.0972799619907,8.3582,2.8184,0.2782,2.8593,0.0031,0.0003,0.0112,0.0791,2.3086,0.0068770130276348,,0.73,0.51,0.94,,0.357072478190354,12.6382306477093,1.9251,1.241,0.1286,0.0084,0.0052,0.3474,0.0039,0.0427,0.1479,,2.3626975077068,26.477495003696,,,,,7.74098030780188,20.8956953063539,0.406123043477936,88.1389782075232,69.7539438481077,98.3901752148724,79.2381759455373,53.4277387438801,93.6296581097234,77.3248829893026,58.2852487052035,87.9410745969239,50.9508507212797,29.4277466021504,62.9517856518035,,,,,,,0.810320074318048,14.6,420.698359276399,4.195,,,,,163610.0,,,98699.571,39.2282778165405,32.3263,3.24186445088836,21.8981,2.84157068666264,,,,,10.4171404149588
2003,95.8,93.7,97.4,98.4,8.19941792439933,2163462714.08726,7.71220380895258,2034908518.86696,1.71221267610672,451776981.914946,15.5274001691838,4096992203.89504,5.96,1572579650.75669,1.56343207883844,412520381.295563,21.0953319612572,0.0015150682394015,399759.309193071,0.0513540444896065,13550054.5886592,5.5679317920735,1469130240.43893,0.487214115446752,128554195.220299,62.9763130792997,81.55636611,14.09137276,4.352261136,67.6758045292014,2.839,2086.0,17.9582904222451,207.0,,90254.121,45.9721799167428,21.5652,2.14118228306991,0.1676,3.8242,0.6707,4.3949,2.5794,5.5506,4.3777,0.0449,-3.2584,0.0,-7.2147,-10.4282,0.219562850759614,0.700137992374271,0.0,,98.237378210806,0.314083259521701,35460000.0,4.04,,0.3282,,4.33653450051493,6737.24,0.123049168507064,155360.0,,72.08694107,,,21.8924456586293,8.2097,2.6728,0.2875,2.8009,0.0039,0.0,0.0106,0.078,2.356,0.0051274378015214,,0.71,0.5,0.92,,0.309246533605607,12.9892926101457,1.9311,1.2309,0.1339,0.0086,0.0067,0.3577,0.0027,0.0419,0.1487,,2.11725730006367,25.6457176022554,,,,,7.25089399631669,19.7379982167172,0.403626304347522,88.4264953069514,70.2623387430247,98.3867571084109,80.1731149302556,55.2595122332172,93.8344161637965,77.6001634201878,58.7100551212424,87.9584988961247,52.2345557018283,31.0353654567457,63.8590699188117,,,,,,,1.78441098317095,14.1,416.516409654364,4.195,,,,,163610.0,,,92340.121,37.9706437191514,32.0343,3.18064639375227,21.6061,2.55468043997787,,,,,10.8493683126184
2004,96.8,95.0,98.0,99.0,9.02374826982301,2698966519.84548,8.57510909273219,2564780361.02847,1.65820886546182,495963548.291689,15.3192852382442,4581936101.23778,5.94,1776629915.6965,1.89889897973568,567952985.569694,22.0013902023449,0.0194692554956764,5823175.37878067,0.0217795935846424,6514188.13370157,6.68210496410083,1998590501.52284,0.448639177090818,134186158.817005,63.2723995880536,81.34107271,14.21811028,4.44081701,68.0333730631704,2.854,2308.0,17.9647270854789,207.0,,110363.672,54.4353064608928,22.8155,2.24425872376825,0.1928,4.0982,0.6924,4.6281,3.0723,5.716,4.4158,0.0449,-3.2584,0.0,-7.2147,-10.4282,0.218657564636428,0.697251232584904,0.0,,98.3417085427136,0.378810720268007,45230000.0,4.01,,0.3914,,4.34913748712667,6756.82,0.0952433770276551,155360.0,,72.46781606,,,24.76541156907,8.4032,2.6779,0.2977,2.9156,0.0041,0.0,0.0109,0.0829,2.414,0.0344152790087302,,0.71,0.5,0.93,,0.306609417741814,16.8626762623603,1.9973,1.2774,0.1398,0.009,0.0071,0.3673,0.0028,0.0426,0.1514,,2.60869066831261,24.9487852408403,,,,,6.77292893879606,18.58030112708,0.401129565217109,88.7051137784581,70.7707336379415,98.3833299240636,81.0995386424089,57.1211185340255,94.0393957608082,77.8671301158889,59.1348615372812,87.9759231953255,53.5253803197881,32.6801270771058,64.7744362452551,,,,,,,1.66859296482412,13.9,412.643393579269,4.195,,,,,163610.0,,,112671.672,44.7459320705309,33.6074,3.30580967470224,23.1792,3.04495874209081,,,,,11.4653345407046
2005,97.4,96.0,98.6,99.2,6.98806145235054,2139061015.10879,6.55737116766639,2007225769.54951,1.7459059500933,534425660.014032,15.4913795491228,4741945429.32018,5.94,1818247094.18838,2.99514993390368,916821997.302843,21.3041249236283,0.0184788916721351,5656429.4758723,0.005149146485786,1576165.09012303,5.81274537450545,1779294172.80328,0.430690284684154,131835245.559281,63.2337796086509,81.13224095,14.34104402,4.52671504,68.3909415971395,2.869,2603.0,17.5720906282183,207.0,,109143.314,58.7118827630555,23.4473,2.28632090263617,0.2053,4.1525,0.7778,4.572,3.1907,5.9593,4.5896,0.0449,-3.2584,0.0,-7.2147,-10.4282,0.217141816183574,0.69241784171275,0.0,,98.5230234578627,-0.678698365058052,-85930000.0,3.81,32.1184510250569,0.4675,,4.36174047373841,6776.4,0.0920940007674566,155360.0,,72.84869106,,,31.4244565862929,8.8517,2.7849,0.3076,3.192,0.0039,0.0,0.0113,0.089,2.463,0.0471794864492486,,0.7,0.48,0.91,,0.399210558815731,20.3674448540167,2.0572,1.3288,0.1436,0.0096,0.0066,0.3692,0.0029,0.044,0.1525,21.5237214774972,3.79249223607583,24.6565217363698,100.0,29.5905257235759,100.0,100.0,6.31667614482779,17.4226040374433,0.398632826086694,88.9588512587041,71.2791285328585,98.3798936618306,81.9968796979531,59.0125576463043,94.2445969007585,78.1089443615353,59.5596679533201,87.9933474945263,54.8046730417106,34.3622073297455,65.6979035864952,,,,,,,0.466550825369244,14.2,409.049919886671,4.195,,,,,163610.0,,,111746.314,49.984494922087,34.8237,3.39562138144397,24.3955,4.33097628210826,,,,,11.8030444302269
2006,98.1,96.9,99.0,99.4,7.61098309240099,2496099387.36244,7.18103954849369,2355095025.1771,1.78716374393889,586118543.715616,15.5250105952831,5091585274.22991,6.0,1967761081.89331,3.09056984739527,1013583844.42956,22.1826602380455,0.144074927368526,47250839.1587319,0.0248580316586841,8152444.54507172,6.65764964276236,2183443977.31811,0.429943543907297,141004362.185344,63.1179196704428,80.92958423,14.46034266,4.610073111,68.7485101311084,2.884,2855.0,17.7845005149331,207.0,,111392.542,64.0640335736284,24.238,2.34264831956205,0.231,3.937,0.885,5.0062,3.1517,6.4656,4.5615,0.0449,-3.2584,0.0,-7.2147,-10.4282,0.213279762816394,0.680102596754029,0.0,,99.0046703927724,0.302963019676901,39570000.0,3.81,,0.4933,,4.37434346035015,6795.98,0.106602668397213,155360.0,,73.22956606,,,39.2579284950707,9.3793,2.8597,0.3169,3.5957,0.0042,0.0,0.0114,0.0758,2.5156,0.185988606995718,,0.68,0.47,0.89,,0.399209536359326,22.4562635305131,2.0929,1.3389,0.1411,0.0103,0.007,0.3899,0.0035,0.0467,0.1554,,4.1077575724331,24.9161206082962,,,,,5.86705354828819,16.2649069478066,0.396136086956281,89.2096520385554,71.7875234277755,98.3764483217118,82.8949793127084,60.9338295700542,94.4500195836475,78.3484267992276,59.984474369359,88.0107717937271,56.0978637867488,36.0817820811811,66.629490897893,85.9541899658038,65.876418603581,96.5182749164137,,,10.4,1.0073501263303,14.3,405.454645621042,4.195,,,,,163610.0,,,114247.542,55.9272467288592,36.2035,3.49913641543299,25.7753,4.79955838418535,,,,,12.3573996394412
2007,98.5,97.5,99.3,99.4,5.63507090657576,2078560152.66989,5.23060251212998,1929367373.79495,1.72800105544843,637392891.265179,15.6269252863161,5764169563.68415,5.995,2211324102.54409,4.5119782675021,1664294627.70351,21.8823030016548,0.338746116731157,124950367.401305,0.036581369081247,13493455.0714633,6.25537771533869,2307367391.56725,0.404468394445772,149192778.874937,63.1114830072091,80.73283265,14.57616511,4.691002241,69.1060786650775,2.899,3662.0,17.5914006179197,207.0,,103599.191,69.1048160557755,24.9827,2.39258887104803,0.2237,3.9684,0.9068,5.0185,3.0733,6.9867,4.8054,0.0449,-3.2584,0.0,-7.2147,-10.4282,0.206010364481878,0.656922072644013,0.0,,99.3303733896208,0.325278404541815,44690000.0,3.69,,0.5038,,4.3869464469619,6815.56,0.0891666299101391,155360.0,,73.61044105,,,40.6921843449341,9.4759,2.8985,0.3271,3.776,0.0041,0.0,0.0119,0.0697,2.3886,0.426057248010281,,0.66,0.45,0.87,,0.319954538590018,22.7663682639986,2.0982,1.3767,0.1412,0.0107,0.0068,0.3521,0.004,0.0494,0.1573,,5.51629477963382,25.5351464343827,,,,,5.42435621434672,15.1072098581694,0.393639347825866,89.4569801310422,72.2959183226924,98.3729939037073,83.7929328669292,62.8849343052746,94.655663809475,78.5850119966017,60.4092807853978,88.0281960929279,57.4041673207871,37.8390271979271,67.5692171348097,86.0415169878872,65.876418603581,96.5182749164137,,,,0.681927360069874,14.3,401.754426625085,4.195,,,,,163610.0,,,107261.191,59.619178058592,37.0607,3.54929684834905,26.6325,6.35147319614426,,,,,13.1182922846125
2008,98.9,98.0,99.5,99.4,3.75294261122798,1589875761.18542,3.35964195119435,1423260054.25323,1.5996171569551,677652926.908759,15.3070744196677,6484603980.26927,5.99,2537570327.08384,4.84917263609756,2054276559.64409,22.4636368796837,2.86547745946258,1213914953.93319,0.079352596272793,33616493.1016533,7.15656246001601,3031766367.68927,0.393300660033627,166615706.932191,63.6006694129763,80.54173182,14.68866111,4.76960707,69.4636471990465,2.914,4049.0,18.2479402677652,207.0,,96060.749,72.1169661894609,25.4277,2.41189228309621,0.1957,4.1129,1.0925,5.0322,3.2149,7.1291,4.6503,0.0449,-3.2584,0.0,-7.2147,-10.4282,0.201155363547675,0.641440534691267,0.0,,99.5195989695746,0.345819118568544,49670000.0,3.69,,0.524,,4.39954943357364,6835.14,0.13566806241929,155360.0,,73.99131605,,,52.9798669675734,10.3035,2.8128,0.3382,4.6254,0.004,0.0,0.0131,0.0697,2.4404,3.43341665563442,,0.64,0.44,0.84,,0.37588783467175,22.046691241004,2.0859,1.3391,0.1483,0.0119,0.0067,0.3657,0.0037,0.0478,0.1626,19.7135333546122,5.93514843614258,26.2739796190147,,,,,4.98837937174877,13.9495127685327,0.391142608695453,89.8868255561027,73.3519756469681,98.3695304078171,84.6908993579876,64.8658718519661,94.8615295782412,78.8190034710889,60.8340872014367,88.0456203921287,58.7237463536573,39.6341185464998,68.5171012526065,86.1285380949738,65.876418603581,96.5182749164137,,,10.4,0.554689131796978,14.6,397.908113104551,4.195,,,,,163610.0,,,100109.749,65.1333867397128,38.341,3.63675684494436,27.9128,9.88012098886805,,,,,13.6038279455511
2009,99.1,98.4,99.7,99.5,5.21310175408605,2154729421.52763,4.8215874461923,1992904957.32904,1.68980389201962,698446018.22565,15.4591404342085,6389720802.78456,6.04,2496510967.93305,3.14380344066421,1299427114.34501,22.033918886921,2.46495432969591,1018838662.17548,0.103115036246793,42620499.8259824,6.57477845271259,2717550748.1667,0.39151430789376,161824464.198591,63.0084963954686,80.35604175,14.79797194,4.84598631,71.8712753277712,3.015,4544.0,17.4240473738414,207.0,,94384.809,71.6939113954039,25.3652,2.38155663473538,0.2294,3.3807,1.1267,4.4235,3.0079,7.4805,5.7165,0.0449,-3.2584,0.0,-7.2147,-10.4282,0.194734292768041,0.620965141932463,0.0,0.0984503364680408,98.8460529766588,0.655061631261474,99910000.0,3.48,,0.5416,,4.41215242018538,6854.72,0.137591888714528,155360.0,,76.55587436,,,50.6592231856515,10.1472,2.814,0.3699,4.3893,0.0034,0.0,0.014,0.0694,2.4873,2.97124201422009,,0.64,0.43,0.85,,0.433746795352291,27.1604938271605,2.1733,1.3703,0.1485,0.0107,0.0056,0.4068,0.0038,0.0609,0.1667,,3.44832785220984,26.8930005665779,,,,,4.55908749077043,12.7918156788955,0.388645869565039,90.3433938079576,74.5061257977375,98.3660578340411,85.5886831809273,66.8766422101285,95.067616889946,79.0504165904685,61.2588936174754,88.0630446913295,60.2548659193807,41.4907006773453,69.760203819105,86.2152567925729,65.876418603581,96.5182749164137,,,,1.1730264883294,16.1,393.871528027175,4.195,,,,,163610.0,,,98928.809,64.6441153922354,38.2274,3.58919772360096,27.7992,6.99090855049675,,,,,13.5482671896739
2010,99.3,98.8,99.8,99.5,6.37704158445881,2814770315.05651,5.97825251535432,2638748311.93519,1.78180528224646,786473249.272975,15.45565662189,6821991496.02916,5.86,2586552687.13148,3.56665476111092,1574290180.27675,22.431783509933,0.968921418511368,427673429.807137,0.141703841715457,62546834.9088685,6.97612688804302,3079201322.19075,0.398789069104499,176022003.121314,64.6112255406797,80.17553585,14.90423099,4.920233165,74.2789034564958,3.116,5447.0,18.1707003089598,207.0,,93178.8,87.707719903882,27.731,2.57579895188362,0.2357,3.3672,1.4105,4.62,3.334,7.902,6.8615,0.0449,-3.2584,0.0,-7.2147,-10.4282,0.206754126981587,0.6592937688647,0.0,,95.9381871487906,0.867090153921329,141960000.0,3.77,,0.5384,,4.42475540679712,6874.3,0.15552734809636,155360.0,,79.12043267,,,43.9155481648652,9.693,2.7673,0.3093,3.9886,0.0037,0.0,0.0154,0.0699,2.5387,1.17495019071848,,0.66,0.44,0.87,,0.344709194218594,27.5057047568896,2.1792,1.3494,0.1506,0.0099,0.0059,0.4133,0.0037,0.074,0.1723,18.1511447753486,4.12711827435362,27.1525896814577,100.0,41.5793663305012,100.0,100.0,4.13655955733872,11.6341185892588,0.386149130434625,90.7959166490344,75.6691790270203,98.3625761823794,86.4858177057762,68.9172453797617,95.2739257445894,79.2789942255773,61.6837000335143,88.0804689905302,61.8074961930446,43.389125201696,71.0206883515906,86.3013606700674,65.876418603581,96.5182749164137,,,10.14415,1.17248961641828,12.6,389.653333927798,4.195,,,,,163610.0,,,98625.8,72.8885098758732,40.1416,3.72855977811588,29.7134,5.80230500738706,,,,,13.4986118879272
2011,99.5,99.0,99.8,99.5,0.424024756582137,194892149.83455,0.0191415042988228,8797903.57981664,1.70939492559601,785679719.861223,16.3492343221013,7514507999.17129,5.88,2702591825.68547,4.16754620149871,1915506173.01649,17.2724045402704,0.3491071390204,160458180.306968,0.153097195471903,70367215.8193426,0.923170218169161,424311613.153103,0.404883252283314,186094246.254734,64.8300720906282,80.0,15.0075643,4.992435704,76.6865315852205,3.217,7234.0,18.2736869207003,207.0,,102035.6,77.7771008901073,26.2639,2.41262314515799,0.2451,3.2851,1.493,4.236,2.8339,7.7712,6.3996,0.039,-3.4082,0.0,-7.3104,-10.6795,0.199907232864242,0.637460518454933,0.0,,97.8540252182347,0.691440349175558,114060000.0,3.68,,0.5422,,4.4346035015448,6889.6,0.165428226663035,155360.0,,81.68499099,,,38.3047274023043,9.3151,2.72,0.3447,3.5926,0.0033,0.0,0.0152,0.0735,2.5658,0.67925011683644,,0.59,0.4,0.78,,0.401895741504081,28.500380317126,2.1962,1.3521,0.1718,0.0104,0.0053,0.4104,0.0037,0.0666,0.1759,,5.01344964105154,23.7968442569893,100.0,27.5301469392753,100.0,100.0,3.72052368988316,10.4764214996217,0.383652391304211,91.2448200352834,76.8411353348159,98.3590854528319,87.3826542238521,70.9876813608653,95.4804561421715,79.5052815552135,62.1085064495532,88.097893289731,63.3822210158192,45.3297486285775,72.2986943919281,86.8240497580188,67.4857228905344,96.3756323376699,,,,1.01879243452958,13.2,385.356100729053,4.195,,,,,163610.0,,,109269.6,65.0317423400608,38.3174,3.51986742647805,27.6379,6.26002372605509,,,,,12.8072198174036
2012,99.6,99.2,99.9,99.5,-0.310500094415499,-140987832.196779,-0.688881606898949,-312798373.152664,1.90156246585848,863436677.379533,16.9834944177467,7711643584.49445,5.9,2678995030.66778,4.17291137514939,1894781158.88852,17.5979828375381,0.473115797160926,214826249.071957,0.277398876038138,125957662.782881,0.614488419791437,279018885.258331,0.37838151248345,171810540.955885,63.8645726055613,79.79760517,15.89311575,4.309279079,79.1132300357568,3.3188,9197.0,18.3316168898043,207.0,,108073.0,91.1625545740684,28.2414,2.56515036313153,0.2535,3.3676,2.171,4.6594,3.0664,8.3671,6.3564,0.0383,-3.5253,0.0,-7.3975,-10.8845,0.206261556965272,0.657723070628939,0.0,,97.1040974529347,1.14025470653378,205930000.0,3.68,,0.5528,,4.44445159629248,6904.9,0.284819060491124,155360.0,,84.26986263,,,38.16516213327,9.3057,2.6775,0.3456,3.5742,0.0037,0.0,0.0164,0.0685,2.6198,0.853462579277847,,0.57,0.4,0.75,,0.408148119994012,30.1445205078696,2.2243,1.3682,0.1738,0.0126,0.0058,0.4139,0.004,0.0668,0.1792,,5.06594682844413,22.6944628193599,100.0,20.0639998807775,100.0,100.0,3.31106955315426,9.31872440998495,0.381155652173796,91.6898273701058,78.0219947211242,98.3555856453987,88.2787188281284,73.0879501534402,95.6872080826922,79.5019649942484,61.8406789233791,88.1153175889318,64.978782595895,47.3129307418308,73.5943618546676,87.3366222871822,69.0950271774877,96.2329897589262,,,9.64392,1.74933554817276,13.0,381.029473515363,4.195,,,,,163610.0,,,117270.0,73.6758232765675,40.3244,3.66264240806267,29.4399,6.61237658820711,,,,,12.9378486080214
2013,99.7,99.3,99.9,99.7,-1.02888372029786,-479692281.724978,-1.38829462985991,-647258971.607835,1.93095650130587,900262013.821096,16.5299115243762,7706673571.96063,5.9,2750733057.91838,3.44472138844983,1606018474.32669,15.5457884414263,0.33182474892417,154705306.152743,0.237257998668133,110615833.930846,-0.984123082949856,-458823711.411987,0.359410909562054,167566689.882857,63.9997425334707,79.60591924,16.73181188,3.662268887,81.5399284862932,3.4206,11935.0,18.3638002059732,207.0,,109758.0,91.0109317358784,28.219,2.53281443802063,0.1499,3.553,2.0221,4.7855,3.113,8.5406,6.0551,0.0389,-3.6388,0.0,-7.5038,-11.1036,0.201208725061511,0.641610692908097,0.0,,96.3327710974482,2.04075303335328,375070000.0,3.66,,0.5682,,4.45429969104016,6920.2,0.240368970220448,155360.0,,86.85473428,,1.0,36.0479273072811,9.1631,2.6725,0.3455,3.3886,0.0038,0.0,0.0166,0.0636,2.6724,0.559353591743679,,0.57,0.39,0.75,,0.377752029966356,23.1583874553859,2.1049,1.244,0.1741,0.0122,0.006,0.4149,0.0041,0.0668,0.1828,,4.28421078126965,22.1415749104783,100.0,42.4337373882219,100.0,100.0,2.90831767904864,8.16102732034824,0.378658913043383,92.130516839447,79.2117571859457,98.3520767600797,89.1734065275524,75.2180517574854,95.8941815661515,79.4963915596913,61.563440882101,88.1327418881326,66.5966946010809,49.3390346001094,74.9078310270447,87.8386237820091,70.7043314644411,96.0903471801824,,,,2.36721257957451,13.2,376.524914685019,4.195,,,,,163610.0,3.7,5.4,121693.0,72.5168187025695,40.0553,3.59518913353584,28.9517,5.46168537320013,,,,,12.8578316448481
2014,99.8,99.4,99.9,99.8,4.45486523006705,2163614118.71529,4.10999771340121,1996120785.11038,2.07636873621815,1008439196.54849,14.6959175889725,7137431356.70541,5.9,2865479120.28038,2.68249945456365,1302821385.96875,18.6519202447404,0.288677830518661,140203439.972722,0.353591404400402,171730302.783045,3.95600265576792,1921329323.70792,0.344867516665843,167493333.604902,62.8282698249228,79.42411417,17.52727557,3.048610258,83.9666269368296,3.5224,11663.0,16.6580844490216,207.0,,114520.0,104.451213321149,30.2046,2.67906940110098,0.1717,3.6515,1.8676,5.3451,3.668,9.1696,6.3312,0.0491,-3.6782,0.0,-7.6477,-11.2768,0.20891054250217,0.666170107134503,0.0,,95.7130951140744,2.80050005208876,537640000.0,3.61,,0.6194,,4.46414778578785,6935.5,0.358213434145739,155360.0,,89.43960592,,1.1,33.661955101556,9.0024,2.7145,0.3445,3.1307,0.0043,0.0,0.0175,0.065,2.726,0.457421995093816,,0.56,0.38,0.73,,0.423423922784946,27.9796384061787,2.1873,1.298,0.1814,0.0123,0.0069,0.4245,0.0045,0.0734,0.1863,,3.35507824664457,25.1638447684439,100.0,33.3736272469654,100.0,100.0,2.51196589954911,7.00333023071107,0.376162173912969,92.5674570508114,80.41042272928,98.348558796875,90.0672030566408,77.3779861730019,96.1013765925494,78.4387815336686,61.2767923257185,86.5999177363442,68.2367677539486,51.408426536883,76.2392425689796,88.3309176187231,72.3136357513945,95.9477046014387,,,9.14369,3.09219710386499,12.9,372.085580925376,4.195,,,,,163610.0,3.7,5.4,126183.0,80.9515810872505,42.0137,3.72650583345041,30.7369,4.59413759866907,,,,,12.872096159991
2015,99.8,99.5,99.9,99.9,1.44591768098976,644878106.343228,1.10614778324144,493341009.084423,2.37640682540296,1059875505.7881,13.4792878145827,6011751370.77876,5.9,2631395187.60196,1.27648292565219,569310343.663937,13.2876027069909,0.258093187106549,115109350.933055,0.351414273256788,156730479.237721,-0.191685107591753,-85491401.6359158,0.339769897748324,151537097.258805,63.2981462409887,79.25144518,18.2827656,2.465789216,86.3933253873659,3.6242,14584.0,16.5422245108136,207.0,,117011.0,107.947338139236,30.7211,2.69429825515354,0.1976,3.8132,1.5752,5.3511,3.8355,9.2235,6.725,0.0501,-3.6912,0.0,-8.1512,-11.7924,0.210446152201633,0.67106683118565,0.0,,96.1057447890188,2.53477376715811,498590000.0,3.66,,0.6844,,4.47399588053553,6950.8,0.355847226844265,155360.0,1.47000587989164,92.02447757,,1.1,30.766718137546,8.8074,2.6758,0.3421,2.9403,0.0041,0.0,0.0169,0.0572,2.7711,0.432793675445469,,0.56,0.38,0.74,,0.273682848307775,30.0801591480896,2.2232,1.3211,0.1842,0.0115,0.0068,0.4287,0.0049,0.0763,0.1898,,1.62596299660366,23.6344412527314,100.0,52.250520986808,100.0,100.0,2.12163087290305,5.84563314107436,0.373665434782555,93.0017471400427,81.6179913511275,98.3450317557846,90.9610365626904,79.5677533999888,96.3087931618859,77.1450199273485,60.9807332542319,84.7321817400183,69.9006923339128,53.5214761604335,77.5887375130779,88.8150380466691,73.9229400383479,95.8050620226949,,8.94186702264794,,2.88556176919166,12.5,367.909390626283,4.195,151132.52146992,1.25697961498504,1935.88021427,0.982597047864062,163610.0,3.7,5.4,131595.0,82.7708435623778,42.4361,3.72172579059738,30.6437,2.68828674720116,2877.948643634,0.2130262649066,328.082752048,7.95926997478388,12.6316136090529
2016,99.8,99.6,99.9,100.0,0.669360218272471,290530380.549454,0.34253626937858,148675092.98863,2.44985828700267,1063341144.25275,13.1926632121925,5726168599.30993,5.9,2560847206.70391,0.958451749125307,416008217.713224,11.9215711969058,0.274748281007779,119252265.75686,0.276489449305106,120008005.751878,-1.27109201528667,-551707192.679749,0.32682394889389,141855287.560824,62.45236869207,79.08724048,19.00122126,1.911538257,88.8200238379023,3.726,16153.0,16.5010298661174,207.0,,105866.073,102.130842386706,29.8618,2.59021982927091,0.279,3.802,1.3158,5.1937,3.5743,8.6141,7.083,0.0709,-3.7262,0.0,-8.7974,-12.4527,0.202299606247832,0.645089274831528,0.0,,95.9793918577634,2.74022628548338,542510000.0,3.67,,0.7809,,4.48384397528321,6966.1,0.280548948208786,155360.0,,94.60934921,,1.0,28.6450291008433,8.6645,2.6056,0.3413,2.8417,0.004,0.0,0.0168,0.0423,2.8128,0.4369920800971,,0.54,0.37,0.72,,0.200869985868404,35.7615119068516,2.3203,1.4041,0.1858,0.0106,0.0066,0.433,0.0041,0.0847,0.1914,,1.266744868786,24.8089216632322,100.0,77.5389871393223,100.0,100.0,1.73759830197813,4.68793605143719,0.371168695652141,93.4329020352708,82.8344630514877,98.3414956368083,91.8540914293083,81.7873534384469,96.5164312741611,75.8401748537527,60.6752636676412,82.8637007475439,71.5880723681096,55.6785563538583,78.9564572646301,89.2904161699774,75.5322443253012,95.6624194439511,,,8.64346,2.96752197191636,12.4,363.875325124121,4.195,,,,,163610.0,5.2,7.9,122019.073,79.2878000878621,41.6274,3.61077084840807,29.1747,2.18515588296029,,,,,12.4237673597208
2017,99.9,99.7,99.9,100.0,-0.096378205936113,-39680342.2615442,-0.411724017126438,-169512907.593493,2.722797011619,1121016066.65484,12.8862791317664,5305472969.32705,5.9,2429117839.13367,1.05088052435349,432663157.373765,11.2274069293457,0.185772211618703,76485185.298018,0.37805625592422,155651389.061289,-1.6588722024207,-682982383.007304,0.315345811190325,129832565.331949,62.7117662203914,74.41924779,23.09181416,2.488938053,84.0524433849821,3.526,21933.0,16.7797373841401,207.0,,106303.076,105.07191931499,30.2963,2.60042961253673,0.2072,4.0792,1.229,5.1756,3.1771,8.8134,7.6148,0.0678,-3.7272,0.0,-9.0015,-12.6608,0.200721653919049,0.640057529380446,0.0,,96.2674203294026,2.60081863366144,533740000.0,3.7,,0.876,,4.4936920700309,6981.4,0.381963477463567,155360.0,,89.53101592,,1.0,25.0831452666588,8.4246,2.6019,0.3388,2.5644,0.0039,0.0,0.0172,0.041,2.8574,0.403747939557608,,0.55,0.36,0.74,,0.236433459699936,31.2913229184951,2.2439,1.3041,0.1919,0.01,0.0064,0.4417,0.0042,0.0919,0.1937,,1.48811485046411,22.571757071458,100.0,76.9575511780133,100.0,100.0,1.36007603914931,3.53023896180048,0.368671956521727,93.8606207367796,84.0598378303611,98.3379504399464,92.7457440160073,84.0367862883754,96.7242909293749,74.5240374235795,60.3603835659462,80.9944747589211,72.8138570211256,56.3232280257786,80.3473355829238,89.7567330174221,77.1415486122546,95.5197768652074,,,,2.68365656368775,11.8,360.07044505737,4.195,,,,,163610.0,5.2,7.9,128236.076,80.2064759542083,41.8407,3.59132287735683,29.1799,2.51025972718522,,,,,13.4241956717788
2018,99.9,99.7,99.9,99.8,1.37276702032649,571753911.336836,1.0654224532186,443745694.523563,2.81166857087759,1171052683.36048,11.9994144623923,4997725069.90507,5.9,2457334731.19498,1.40865536252543,586701312.986067,12.0684262119934,0.166612877704368,69393832.3808957,0.209307918167301,87176206.2418008,0.0690117496011765,28743215.1111021,0.307344567107891,128008216.813272,62.4388516992791,76.27643249,22.53023643,1.193331079,90.1244338498212,3.78072,21826.2,16.5396498455201,207.0,11.0,105959.277,104.339526855518,30.1881,2.56581225435625,0.2393,4.184,1.1282,4.8887,3.1274,8.9933,7.6273,0.0693,-3.6968,0.0,-10.0356,-13.6632,0.194923209059914,0.621567554739827,0.0,,95.9990439770555,2.71869024856597,568750000.0,3.64,,0.9924,39.0,4.50354016477858,6996.7,0.210832844786907,155360.0,,95.9987812,14.0,1.0,24.2695094429267,8.3698,2.5418,0.3405,2.5206,0.0036,0.0,0.0175,0.0395,2.9063,0.270935085210546,,0.55,0.36,0.75,,0.349896451978522,33.432800889357,2.2805,1.3399,0.1925,0.0103,0.0058,0.4398,0.0043,0.0912,0.1966,,1.99021548871455,25.5228520953696,,,,,0.989252320856585,2.37254187216331,0.366175217391313,94.2847367416076,85.2941156877475,98.3343961651987,93.6354735142668,86.3160519497752,96.9323721275272,73.1965977847782,60.0360929491471,79.1245037741492,74.0297510093063,56.8692986194236,81.7593591706211,90.2138424061077,78.750852899208,95.3771342864637,9.0,,8.14324,2.79517208413002,11.9,356.550508545568,4.195,,,,,163610.0,5.2,7.9,127785.477,80.1638369899476,41.8308,3.55537378137496,28.1676,2.82187987069052,,,,,12.8461482196456
2019,99.9,99.7,99.9,100.0,1.63595706987958,667696722.030962,1.32627584187185,541303954.994289,2.9884417664734,1219697514.19062,11.453700274873,4674693651.47872,5.9,2408015914.66739,1.13919913733434,464950788.589229,11.5939056595676,0.0,0.0,0.27660741100727,112894075.901771,0.140205384694588,57223186.0451918,0.309681228007736,126392767.036673,62.4388516992791,76.3762304,21.85823655,1.765533045,90.4171632896305,3.793,24223.2,16.5396498455201,207.0,,114142.953,104.725352827698,30.2451,2.54693841667269,0.2077,4.1997,0.9883,4.9197,3.2096,9.4003,7.3196,0.1108,-3.6719,0.0,-9.4803,-13.0413,0.192310267416886,0.613235454342096,0.0,,95.5619151449078,2.93036249659308,645090000.0,3.53,,1.095,,4.51338825952626,7012.0,0.277483179313321,155360.0,,96.31059086,,1.0,23.2910678227818,8.3039,2.5143,0.3402,2.394,0.0037,0.0,0.0183,0.0404,2.9929,0.0,55.9,0.53,0.35,0.72,3.1,0.308497305696956,31.0514305774969,2.2398,1.3052,0.1873,0.01,0.0061,0.4391,0.0045,0.0875,0.2001,,1.66141181151334,23.7714034054098,,,,,0.625378089684308,1.2148447825266,0.363678478260899,94.7047945067718,86.5372966236467,98.3308328125653,94.5224940632681,88.6251504226453,97.1406748686183,71.8574373168183,59.7023918172436,77.2537877932292,75.2360903502545,57.3134876271706,83.1930049758424,90.6612310311497,80.3601571861614,95.2344917077199,,,,3.22562914508949,12.2,353.26074828458,4.195,,,,,163610.0,5.2,7.9,138366.153,80.3916754959471,41.8837,3.52702436303382,28.8424,2.24739229652362,,,,,13.0030408321263
2020,99.9,99.8,99.9,99.9,-3.75844422680469,-1546266238.07319,-4.1037319415643,-1688321488.47347,2.78897750511433,1147416722.0968,12.2582292848311,5043173435.03828,5.9,2427326376.04893,0.677160519787388,278591456.016767,6.31465337851917,0.0,0.0,0.248730295591072,102330441.866213,-5.9435759063119,-2445253994.14234,0.345287714759605,142055250.400279,62.4388516992791,75.54217539,22.73234097,1.725483637,92.1096543504172,3.864,23631.1,18.2241246138002,207.0,,104576.786,94.3919856499814,28.7185,2.39839346012801,0.1474,4.0146,1.062,4.4317,2.8455,9.1204,7.0969,0.1021,-3.6631,0.0,-9.7092,-13.2701,0.200608400009219,0.639696387389519,0.0,,96.012542706042,2.89142135068096,617810000.0,3.68,,1.1997,,4.52323635427395,7027.3,0.247224792598991,155360.0,,98.11339918,,1.0,24.0868868036584,8.3575,2.5574,0.3387,2.3191,0.0034,0.0,0.0178,0.0392,3.0818,0.0,,0.44,0.29,0.58,,0.303269986625323,21.6897782458604,2.0798,1.2019,0.1805,0.0102,0.0057,0.3889,0.0044,0.0833,0.2049,,0.916677526611502,24.1829826735327,,,,,0.26865810719623,0.0571476928894299,0.361181739130485,95.120374054685,87.7893806380591,98.3272603820462,95.4060813673203,90.9640817069867,97.3491991526479,70.5061943427321,59.3592801702363,75.3823268161599,76.4332590932597,57.6525178162119,84.6487515879114,91.0984453626475,81.9694614731147,95.0918491289762,,,7.64301,3.10670660364113,12.9,350.340740819924,4.195,,,,,163610.0,5.2,7.9,128207.886,73.8097699218716,40.3555,3.37024452113432,27.0854,1.46717230583582,,,,,11.6185180393047
2021,99.9,99.8,99.9,99.9,-1.019321669586,-460197234.372751,-1.35520175772399,-611838362.246306,2.81544257310428,1271099128.30964,10.9378709139508,4938164364.3176,5.9,2663696616.89032,1.17257201203724,529385779.919302,8.21713882360521,0.0,0.0,0.210574994098857,95069135.4886144,-2.72073209034562,-1228339807.54552,0.335880088137984,151641127.873554,62.4388516992791,75.54217539,22.73234097,1.725483637,92.1096543504172,3.864,26099.185,18.2241246138002,207.0,,102875.652,109.955663857583,31.0178,2.57438568493559,0.1979,4.2087,1.1471,4.845,3.3166,9.3301,7.9724,0.0614,-3.6933,,-9.7991,-13.4309,0.206872240540024,0.659670407213993,0.0,,95.9250799451804,2.69209684787574,589300000.0,3.81,,1.3076,,4.53308444902163,7042.6,0.209270738302313,155360.0,,98.11339918,,1.0,29.7051312507424,8.7359,2.5127,0.3376,2.6492,0.0037,0.0,0.0183,0.0425,3.1721,0.0,,0.4,0.31,0.49,,0.490998034663024,32.1455736937569,2.2585,1.2925,0.1878,0.0107,0.006,0.4593,0.0044,0.0905,0.2071,,1.5489621013289,,,,,,0.250677774951364,0.0,0.358685000000071,95.5312981932344,89.0503677309842,98.3236788736412,96.2856817943005,93.3328458027984,97.5579449796162,69.1428674618065,59.0067580081244,73.5101208429425,77.6222561293337,57.8831152285531,86.1270792373557,91.5253382818862,83.5787657600681,94.9492065502324,,,,2.82000913659205,11.6,348.172596003095,4.195,,,,,163610.0,5.2,7.9,128974.837,86.5773401900233,43.3199,3.59542360943849,29.889,2.24923087429424,,,,,12.168775292321
2022,99.9,99.8,99.9,100.0,,,,,,,,,,,,,,,,,,,,,,62.4388516992791,75.54217539,22.73234097,1.725483637,92.1096543504172,3.864,20926.057,18.2241246138002,207.0,14.0,112352.858,105.494974109047,30.3588,2.50498913554161,0.2647,4.2796,1.2109,4.8229,3.0804,8.58,8.1204,0.0614,-3.6933,,-9.7991,-13.4309,0.197053579533244,0.62836084104054,,,95.934086453179,,,3.7,,1.4127,58.0,4.54293254376931,7057.9,,155360.0,,98.11339918,15.0,1.0,27.1513837747951,8.5639,2.4865,0.3371,2.4126,0.0036,0.0,0.0168,0.0434,3.264,,,,,,,,38.6694751623662,2.37,1.3931,0.1851,0.0109,0.0058,0.4716,0.0041,0.0903,0.209,,,,,,,,0.250094013003288,0.0,0.356188260869657,95.9372584120703,90.3202579024225,98.3200882873506,97.1606271679566,95.7314427100815,97.766912349523,67.767269597131,58.6448253309085,71.6371698735758,78.8039311240229,58.0020091810151,87.6284697959062,91.9415989242068,85.1880700470215,94.8065639714886,12.0,,7.64301,,,346.141132837828,4.195,,,,,163610.0,5.2,7.9,133278.915,83.9307095295932,42.7054,3.52374148612457,29.2745,,,,,,12.5036949869856
2023,99.9,99.8,99.9,100.0,,,,,,,,,,,,,,,,,,,,,,62.4388516992791,,,,,,21279.071,18.2241246138002,,,108116.0,111.251226858903,31.2092,2.55804077741188,0.2163,4.5288,0.999,5.0572,3.0705,8.6344,8.7031,0.0614,-3.6933,,-9.7991,-13.4309,0.202201293096477,0.644775775657258,,,,,,,,1.5187,,4.55278063851699,7073.2,,155360.0,,,,1.0,25.88044898444,8.4783,2.4957,0.2784,2.3248,0.0038,0.0,0.0169,0.0468,3.312,,,,,,,,40.1848926335498,2.3959,1.4029,0.1864,0.0102,0.0062,0.4768,0.0041,0.0974,0.2121,,,,,,,,0.249508142177854,0.0,0.353691521739243,96.3377994591756,91.5990511523736,98.3164886231742,97.9849156132874,98.0060275521118,97.9761012623685,66.3789813342294,58.2734821385882,69.7634739080606,79.4864549362121,57.8215578357715,88.5327422915939,92.3467505286644,86.7973743339749,94.6639213927449,,,,,,,,,,,,163610.0,5.2,7.9,129395.071,87.7927660197604,43.6021,3.57381636763488,30.1712,,,,,,
2024,,,,,,,,,,,,,,,,,,,,,,,,,,,,,,,,,,,,,117.82177547636,32.1799,2.62113010481539,0.2207,4.7167,0.984,5.2461,3.1063,8.7925,9.1137,,,,,,0.205177876253467,0.654267449446608,,,,,,,,1.6242,,,,,,,,,1.1,24.1774557548402,8.3636,2.4902,0.2784,2.1637,0.0039,0.0,0.0172,0.0491,3.361,,,,,,,,43.5433854075244,2.4533,1.4356,0.1921,0.0101,0.0065,0.4875,0.0042,0.1022,0.2152,,,,,,,,0.248926855884138,0.0,0.35119478260883,96.7327873288014,92.8867474808379,98.3128798811121,98.5373409254893,99.3937262793879,98.1855117181526,64.9781072145301,57.8927284311642,67.8890329463971,79.7855170219304,56.9499052229101,89.1671936118396,92.7407045590361,88.4066786209282,94.5212788140011,,,,,,,,,,,,,5.2,7.9,,92.1811337657527,44.621,3.6344875654358,,,,,,,
