mean_fit_time,std_fit_time,mean_score_time,std_score_time,param_max_depth,param_min_samples_leaf,param_min_samples_split,param_n_estimators,params,split0_test_score,split1_test_score,split2_test_score,split3_test_score,split4_test_score,mean_test_score,std_test_score,rank_test_score
0.0638925552368164,0.0023456784946641156,0.008101701736450195,0.0003647922688475351,5,1,2,50,"{'max_depth': 5, 'min_samples_leaf': 1, 'min_samples_split': 2, 'n_estimators': 50}",-24.0,-24.0,-1.1158541496482843e+27,0.6770713014753853,-12.070943122724827,-2.2317082992965686e+26,4.463416598593137e+26,13
0.13467774391174317,0.013714735908398943,0.018727493286132813,0.007781645416636425,5,1,2,100,"{'max_depth': 5, 'min_samples_leaf': 1, 'min_samples_split': 2, 'n_estimators': 100}",-80.0,-80.0,-9.832117444998687e+26,0.7858149482081833,-10.754985605823103,-1.9664234889997374e+26,3.932846977999475e+26,1
0.2727839946746826,0.016160435471915074,0.023414993286132814,0.0030940491667352625,5,1,2,200,"{'max_depth': 5, 'min_samples_leaf': 1, 'min_samples_split': 2, 'n_estimators': 200}",-99.0,-99.0,-1.2154732589007898e+27,0.7455959061712292,-10.093652907258548,-2.4309465178015795e+26,4.861893035603159e+26,22
0.07567777633666992,0.005914588237803115,0.00929713249206543,0.0019093874465447589,5,1,5,50,"{'max_depth': 5, 'min_samples_leaf': 1, 'min_samples_split': 5, 'n_estimators': 50}",-24.0,-24.0,-1.5604410898054806e+27,0.5968617877122966,-21.95282602620807,-3.120882179610961e+26,6.241764359221923e+26,57
0.13768224716186522,0.005363524323086823,0.01573324203491211,0.00447384879075651,5,1,5,100,"{'max_depth': 5, 'min_samples_leaf': 1, 'min_samples_split': 5, 'n_estimators': 100}",-80.0,-80.0,-1.360659330371169e+27,0.7411179228917115,-19.631311593178097,-2.7213186607423377e+26,5.442637321484676e+26,37
0.25531344413757323,0.0059315588228218774,0.025222921371459962,0.0014255725047261595,5,1,5,200,"{'max_depth': 5, 'min_samples_leaf': 1, 'min_samples_split': 5, 'n_estimators': 200}",-99.0,-99.0,-1.744549196749829e+27,0.7006366618682143,-20.238190544296383,-3.489098393499658e+26,6.978196786999314e+26,61
0.07028698921203613,0.004474545550591693,0.010926389694213867,0.004615223454040022,5,1,10,50,"{'max_depth': 5, 'min_samples_leaf': 1, 'min_samples_split': 10, 'n_estimators': 50}",-3.7470186056187245e+22,-24.0,-1.9057479740117723e+27,0.4254652401236134,-25.967449045091097,-3.811570888395657e+26,7.622954427242402e+26,69
0.14853320121765137,0.007257305873261414,0.01056079864501953,0.00022556199007900068,5,1,10,100,"{'max_depth': 5, 'min_samples_leaf': 1, 'min_samples_split': 10, 'n_estimators': 100}",-1.5526045370378358e+23,-1.3812351748961536e+22,-1.475517668260585e+27,0.6350848222724552,-25.728442172354878,-2.9513734821320757e+26,5.9019016292956326e+26,45
0.27195229530334475,0.01618756162730054,0.0255338191986084,0.004958224973833405,5,1,10,200,"{'max_depth': 5, 'min_samples_leaf': 1, 'min_samples_split': 10, 'n_estimators': 200}",-6.18682309415134e+22,-4.842453652390224e+21,-1.7850187650648663e+27,0.5918504098363297,-26.881943922153688,-3.57017095149892e+26,7.140008353410369e+26,65
0.0743062973022461,0.007833127422966164,0.0072781085968017575,0.0005066877701129447,5,2,2,50,"{'max_depth': 5, 'min_samples_leaf': 2, 'min_samples_split': 2, 'n_estimators': 50}",-24.0,-24.0,-1.0648544227328656e+27,0.6198709841140821,-18.382479291469956,-2.1297088454657312e+26,4.2594176909314624e+26,2
0.1454981803894043,0.013935929575598431,0.01490488052368164,0.001443379655451328,5,2,2,100,"{'max_depth': 5, 'min_samples_leaf': 2, 'min_samples_split': 2, 'n_estimators': 100}",-80.0,-80.0,-1.2215465302851232e+27,0.7582275936015619,-16.992240659955016,-2.4430930605702465e+26,4.8861861211404924e+26,23
0.28085126876831057,0.015545791796336927,0.025010967254638673,0.0060510513622681495,5,2,2,200,"{'max_depth': 5, 'min_samples_leaf': 2, 'min_samples_split': 2, 'n_estimators': 200}",-99.0,-99.0,-1.4351320925201777e+27,0.7175616222635468,-18.20607667328305,-2.8702641850403555e+26,5.740528370080711e+26,41
0.07405834197998047,0.01455042251449824,0.007144832611083984,0.00094048126349197,5,2,5,50,"{'max_depth': 5, 'min_samples_leaf': 2, 'min_samples_split': 5, 'n_estimators': 50}",-24.0,-24.0,-1.1414945761589603e+27,0.5927478209837935,-20.7651869393985,-2.2829891523179207e+26,4.565978304635841e+26,14
0.15242767333984375,0.015577187918731646,0.01704540252685547,0.005187848332477435,5,2,5,100,"{'max_depth': 5, 'min_samples_leaf': 2, 'min_samples_split': 5, 'n_estimators': 100}",-80.0,-80.0,-1.1929352358313007e+27,0.7388238916333744,-19.790803846422648,-2.3858704716626012e+26,4.771740943325202e+26,18
0.28220391273498535,0.01453066567035324,0.025371551513671875,0.0014545305019089238,5,2,5,200,"{'max_depth': 5, 'min_samples_leaf': 2, 'min_samples_split': 5, 'n_estimators': 200}",-99.0,-99.0,-1.5334687123050176e+27,0.6987578134197382,-20.95391746174954,-3.0669374246100352e+26,6.1338748492200704e+26,53
0.0754234790802002,0.010142554924868367,0.007099676132202149,0.0008178681051720988,5,2,10,50,"{'max_depth': 5, 'min_samples_leaf': 2, 'min_samples_split': 10, 'n_estimators': 50}",-3.7470186056187245e+22,-24.0,-1.223561966843804e+27,0.4254652401236134,-25.967449045091097,-2.44719887405972e+26,4.894210399340704e+26,27
0.13285183906555176,0.01329755496930852,0.011649084091186524,0.001814353941581808,5,2,10,100,"{'max_depth': 5, 'min_samples_leaf': 2, 'min_samples_split': 10, 'n_estimators': 100}",-1.5526045370378358e+23,-1.3812351748961536e+22,-1.0905316203442497e+27,0.6350848222724552,-25.728442172354878,-2.1814013862994048e+26,4.361957447889184e+26,9
0.27663369178771974,0.017259086881689072,0.023189067840576172,0.002390078966996285,5,2,10,200,"{'max_depth': 5, 'min_samples_leaf': 2, 'min_samples_split': 10, 'n_estimators': 200}",-6.18682309415134e+22,-4.842453652390224e+21,-1.4956819503348835e+27,0.5918504098363297,-26.881943922153688,-2.9914973220389546e+26,5.9826610952324165e+26,49
0.07301788330078125,0.009032512607744486,0.007301139831542969,0.0007837154794953286,5,4,2,50,"{'max_depth': 5, 'min_samples_leaf': 4, 'min_samples_split': 2, 'n_estimators': 50}",-24.0,-5.524940699396571e+21,-3.234669852375318e+27,0.456657693358578,-30.7596019096804,-6.469350754632034e+26,1.2938673884578266e+27,85
0.14267334938049317,0.005872297648048633,0.011322259902954102,0.0014477543659746218,5,4,2,100,"{'max_depth': 5, 'min_samples_leaf': 4, 'min_samples_split': 2, 'n_estimators': 100}",-4.2962092027063975e+23,-1.3812351751077002e+21,-3.2292534806903496e+27,0.663625239393574,-30.56062573933544,-6.459368965691591e+26,1.2916583027550125e+27,77
0.2975029468536377,0.009163250328213548,0.027875089645385744,0.004667781021560072,5,4,2,200,"{'max_depth': 5, 'min_samples_leaf': 4, 'min_samples_split': 2, 'n_estimators': 200}",-1.227862759131842e+24,-3.453087939297088e+20,-4.021540209534871e+27,0.6423236323837768,-31.27052494788014,-8.045536835205595e+26,1.6084933332917704e+27,101
0.07777352333068847,0.011904348228711241,0.007912778854370117,0.0010355671019887062,5,4,5,50,"{'max_depth': 5, 'min_samples_leaf': 4, 'min_samples_split': 5, 'n_estimators': 50}",-24.0,-5.524940699396571e+21,-3.234669852375318e+27,0.456657693358578,-30.7596019096804,-6.469350754632034e+26,1.2938673884578266e+27,85
0.14834918975830078,0.020273145134884138,0.014089250564575195,0.0013880994103631203,5,4,5,100,"{'max_depth': 5, 'min_samples_leaf': 4, 'min_samples_split': 5, 'n_estimators': 100}",-4.2962092027063975e+23,-1.3812351751077002e+21,-3.2292534806903496e+27,0.663625239393574,-30.56062573933544,-6.459368965691591e+26,1.2916583027550125e+27,77
0.34664034843444824,0.026735819738050323,0.03111743927001953,0.001635802912774784,5,4,5,200,"{'max_depth': 5, 'min_samples_leaf': 4, 'min_samples_split': 5, 'n_estimators': 200}",-1.227862759131842e+24,-3.453087939297088e+20,-4.021540209534871e+27,0.6423236323837768,-31.27052494788014,-8.045536835205595e+26,1.6084933332917704e+27,101
0.07537708282470704,0.005744378225204669,0.007108354568481445,0.0007792436978737681,5,4,10,50,"{'max_depth': 5, 'min_samples_leaf': 4, 'min_samples_split': 10, 'n_estimators': 50}",-24.0,-5.524940699396571e+21,-3.234669852375318e+27,0.4254652401236134,-30.7596019096804,-6.469350754632034e+26,1.2938673884578266e+27,85
0.15131959915161133,0.016065537679342903,0.014231538772583008,0.0023604633204774724,5,4,10,100,"{'max_depth': 5, 'min_samples_leaf': 4, 'min_samples_split': 10, 'n_estimators': 100}",-4.2962092027063975e+23,-2.071852762308972e+22,-3.1095566226859764e+27,0.6350848222724552,-30.56062573933544,-6.22001392426774e+26,1.243777625927511e+27,73
0.2867594718933105,0.032083387299304,0.02645449638366699,0.006311237426544252,5,4,10,200,"{'max_depth': 5, 'min_samples_leaf': 4, 'min_samples_split': 10, 'n_estimators': 200}",-1.300886165318893e+24,-5.179631906618617e+21,-3.9820339965039103e+27,0.6140743488317926,-31.27052494788014,-7.966680124602271e+26,1.5926830715027962e+27,97
0.08145661354064941,0.01560333908052901,0.007781791687011719,0.0013492210518900724,10,1,2,50,"{'max_depth': 10, 'min_samples_leaf': 1, 'min_samples_split': 2, 'n_estimators': 50}",-24.0,-24.0,-1.345581459411863e+27,0.6770713014753853,-12.24811908232934,-2.6911629188237264e+26,5.382325837647453e+26,34
0.14501543045043946,0.0072751367442241395,0.014760637283325195,0.001365170015727544,10,1,2,100,"{'max_depth': 10, 'min_samples_leaf': 1, 'min_samples_split': 2, 'n_estimators': 100}",-80.0,-80.0,-1.070361692153139e+27,0.7858149482081833,-10.838532934723153,-2.140723384306278e+26,4.2814467686125565e+26,6
0.2658682823181152,0.016093513323921203,0.022125053405761718,0.00321045900293385,10,1,2,200,"{'max_depth': 10, 'min_samples_leaf': 1, 'min_samples_split': 2, 'n_estimators': 200}",-99.0,-99.0,-1.3011767316572956e+27,0.7455974002518573,-10.334853536703543,-2.602353463314591e+26,5.204706926629182e+26,31
0.06644616127014161,0.001661115201054049,0.008019828796386718,0.00048730799323972937,10,1,5,50,"{'max_depth': 10, 'min_samples_leaf': 1, 'min_samples_split': 5, 'n_estimators': 50}",-24.0,-24.0,-1.5604410898054806e+27,0.5968617877122966,-21.95282602620807,-3.120882179610961e+26,6.241764359221923e+26,57
0.13617310523986817,0.0075815362889217535,0.014459037780761718,0.0011864332277758563,10,1,5,100,"{'max_depth': 10, 'min_samples_leaf': 1, 'min_samples_split': 5, 'n_estimators': 100}",-80.0,-80.0,-1.360659330371169e+27,0.7411179228917115,-19.631311593178097,-2.7213186607423377e+26,5.442637321484676e+26,37
0.24799575805664062,0.015595064630576715,0.021794795989990234,0.003099838304798736,10,1,5,200,"{'max_depth': 10, 'min_samples_leaf': 1, 'min_samples_split': 5, 'n_estimators': 200}",-99.0,-99.0,-1.744549196749829e+27,0.7006366618682143,-20.238190544296383,-3.489098393499658e+26,6.978196786999314e+26,61
0.06807055473327636,0.003111056881364742,0.008730697631835937,0.0018071824224727194,10,1,10,50,"{'max_depth': 10, 'min_samples_leaf': 1, 'min_samples_split': 10, 'n_estimators': 50}",-3.7470186056187245e+22,-24.0,-1.9057479740117723e+27,0.4254652401236134,-25.967449045091097,-3.811570888395657e+26,7.622954427242402e+26,69
0.125376558303833,0.006502021295953891,0.013580131530761718,0.0025737986698646568,10,1,10,100,"{'max_depth': 10, 'min_samples_leaf': 1, 'min_samples_split': 10, 'n_estimators': 100}",-1.5526045370378358e+23,-1.3812351748961536e+22,-1.475517668260585e+27,0.6350848222724552,-25.728442172354878,-2.9513734821320757e+26,5.9019016292956326e+26,45
0.263643741607666,0.00919095009269878,0.025294923782348634,0.0018311899018530337,10,1,10,200,"{'max_depth': 10, 'min_samples_leaf': 1, 'min_samples_split': 10, 'n_estimators': 200}",-6.18682309415134e+22,-4.842453652390224e+21,-1.7850187650648663e+27,0.5918504098363297,-26.881943922153688,-3.57017095149892e+26,7.140008353410369e+26,65
0.06632661819458008,0.003040209627672958,0.009101676940917968,0.00292429166888293,10,2,2,50,"{'max_depth': 10, 'min_samples_leaf': 2, 'min_samples_split': 2, 'n_estimators': 50}",-24.0,-24.0,-1.0648544227328656e+27,0.6198709841140821,-17.749211491895153,-2.1297088454657312e+26,4.2594176909314624e+26,2
0.12268905639648438,0.0066404886536601294,0.012692832946777343,0.0020460221199786383,10,2,2,100,"{'max_depth': 10, 'min_samples_leaf': 2, 'min_samples_split': 2, 'n_estimators': 100}",-80.0,-80.0,-1.2215465302851232e+27,0.7582275936015619,-16.686775042027133,-2.4430930605702465e+26,4.8861861211404924e+26,23
0.2544887542724609,0.015487122393423801,0.02372593879699707,0.0015513141979234312,10,2,2,200,"{'max_depth': 10, 'min_samples_leaf': 2, 'min_samples_split': 2, 'n_estimators': 200}",-99.0,-99.0,-1.4351320925201777e+27,0.7175616222635468,-18.047752339354986,-2.8702641850403555e+26,5.740528370080711e+26,41
0.06453256607055664,0.003601492078629806,0.008875703811645508,0.0018686179702143385,10,2,5,50,"{'max_depth': 10, 'min_samples_leaf': 2, 'min_samples_split': 5, 'n_estimators': 50}",-24.0,-24.0,-1.1414945761589603e+27,0.5927478209837935,-20.09177897541699,-2.2829891523179207e+26,4.565978304635841e+26,14
0.130438232421875,0.010353369845167411,0.01233983039855957,0.001938149981015621,10,2,5,100,"{'max_depth': 10, 'min_samples_leaf': 2, 'min_samples_split': 5, 'n_estimators': 100}",-80.0,-80.0,-1.1929352358313007e+27,0.7388238916333744,-19.460772902865543,-2.3858704716626012e+26,4.771740943325202e+26,18
0.27520999908447263,0.021409196831889292,0.023362016677856444,0.0028177338140872757,10,2,5,200,"{'max_depth': 10, 'min_samples_leaf': 2, 'min_samples_split': 5, 'n_estimators': 200}",-99.0,-99.0,-1.5334687123050176e+27,0.6987578134197382,-20.783850564192214,-3.0669374246100352e+26,6.1338748492200704e+26,53
0.07052340507507324,0.007859971198162152,0.00802907943725586,0.001330070551197949,10,2,10,50,"{'max_depth': 10, 'min_samples_leaf': 2, 'min_samples_split': 10, 'n_estimators': 50}",-3.7470186056187245e+22,-24.0,-1.223561966843804e+27,0.4254652401236134,-25.967449045091097,-2.44719887405972e+26,4.894210399340704e+26,27
0.1373443126678467,0.013050866338845285,0.017432117462158205,0.008206858688961644,10,2,10,100,"{'max_depth': 10, 'min_samples_leaf': 2, 'min_samples_split': 10, 'n_estimators': 100}",-1.5526045370378358e+23,-1.3812351748961536e+22,-1.0905316203442497e+27,0.6350848222724552,-25.728442172354878,-2.1814013862994048e+26,4.361957447889184e+26,9
0.2867115020751953,0.017116559745603104,0.022281503677368163,0.0028417410174034975,10,2,10,200,"{'max_depth': 10, 'min_samples_leaf': 2, 'min_samples_split': 10, 'n_estimators': 200}",-6.18682309415134e+22,-4.842453652390224e+21,-1.4956819503348835e+27,0.5918504098363297,-26.881943922153688,-2.9914973220389546e+26,5.9826610952324165e+26,49
0.07289090156555175,0.007871885685697794,0.009113550186157227,0.0030626262571350296,10,4,2,50,"{'max_depth': 10, 'min_samples_leaf': 4, 'min_samples_split': 2, 'n_estimators': 50}",-24.0,-5.524940699396571e+21,-3.234669852375318e+27,0.456657693358578,-30.7596019096804,-6.469350754632034e+26,1.2938673884578266e+27,85
0.15717134475708008,0.010418198938479261,0.012676715850830078,0.0007733991048834502,10,4,2,100,"{'max_depth': 10, 'min_samples_leaf': 4, 'min_samples_split': 2, 'n_estimators': 100}",-4.2962092027063975e+23,-1.3812351751077002e+21,-3.2292534806903496e+27,0.663625239393574,-30.56062573933544,-6.459368965691591e+26,1.2916583027550125e+27,77
0.26015892028808596,0.027522285443708893,0.023596811294555663,0.002190347888773751,10,4,2,200,"{'max_depth': 10, 'min_samples_leaf': 4, 'min_samples_split': 2, 'n_estimators': 200}",-1.227862759131842e+24,-3.453087939297088e+20,-4.021540209534871e+27,0.6423236323837768,-31.27052494788014,-8.045536835205595e+26,1.6084933332917704e+27,101
0.07715129852294922,0.00918822355934225,0.007218551635742187,0.000916559826780005,10,4,5,50,"{'max_depth': 10, 'min_samples_leaf': 4, 'min_samples_split': 5, 'n_estimators': 50}",-24.0,-5.524940699396571e+21,-3.234669852375318e+27,0.456657693358578,-30.7596019096804,-6.469350754632034e+26,1.2938673884578266e+27,85
0.1346677780151367,0.005983998449543895,0.013119745254516601,0.0004887601666289962,10,4,5,100,"{'max_depth': 10, 'min_samples_leaf': 4, 'min_samples_split': 5, 'n_estimators': 100}",-4.2962092027063975e+23,-1.3812351751077002e+21,-3.2292534806903496e+27,0.663625239393574,-30.56062573933544,-6.459368965691591e+26,1.2916583027550125e+27,77
0.24120783805847168,0.010221211750757795,0.021608877182006835,0.0027964239582042158,10,4,5,200,"{'max_depth': 10, 'min_samples_leaf': 4, 'min_samples_split': 5, 'n_estimators': 200}",-1.227862759131842e+24,-3.453087939297088e+20,-4.021540209534871e+27,0.6423236323837768,-31.27052494788014,-8.045536835205595e+26,1.6084933332917704e+27,101
0.06107926368713379,0.0038137927115392315,0.007164144515991211,0.0010937360220061433,10,4,10,50,"{'max_depth': 10, 'min_samples_leaf': 4, 'min_samples_split': 10, 'n_estimators': 50}",-24.0,-5.524940699396571e+21,-3.234669852375318e+27,0.4254652401236134,-30.7596019096804,-6.469350754632034e+26,1.2938673884578266e+27,85
0.11738677024841308,0.0028420036601972823,0.013301610946655273,0.0005475836277777874,10,4,10,100,"{'max_depth': 10, 'min_samples_leaf': 4, 'min_samples_split': 10, 'n_estimators': 100}",-4.2962092027063975e+23,-2.071852762308972e+22,-3.1095566226859764e+27,0.6350848222724552,-30.56062573933544,-6.22001392426774e+26,1.243777625927511e+27,73
0.23812365531921387,0.022039223877612674,0.02182450294494629,0.002974914749228599,10,4,10,200,"{'max_depth': 10, 'min_samples_leaf': 4, 'min_samples_split': 10, 'n_estimators': 200}",-1.300886165318893e+24,-5.179631906618617e+21,-3.9820339965039103e+27,0.6140743488317926,-31.27052494788014,-7.966680124602271e+26,1.5926830715027962e+27,97
0.06491503715515137,0.0013180456389068388,0.008064985275268555,0.0004777102345311791,15,1,2,50,"{'max_depth': 15, 'min_samples_leaf': 1, 'min_samples_split': 2, 'n_estimators': 50}",-24.0,-24.0,-1.345581459411863e+27,0.6770713014753853,-12.24811908232934,-2.6911629188237264e+26,5.382325837647453e+26,34
0.11998987197875977,0.00681305322942002,0.011255264282226562,0.0012481760716176566,15,1,2,100,"{'max_depth': 15, 'min_samples_leaf': 1, 'min_samples_split': 2, 'n_estimators': 100}",-80.0,-80.0,-1.070361692153139e+27,0.7858149482081833,-10.838532934723153,-2.140723384306278e+26,4.2814467686125565e+26,6
0.2632725715637207,0.007800088319662258,0.02459397315979004,0.0011517248531781623,15,1,2,200,"{'max_depth': 15, 'min_samples_leaf': 1, 'min_samples_split': 2, 'n_estimators': 200}",-99.0,-99.0,-1.3011767316572956e+27,0.7455974002518573,-10.334853536703543,-2.602353463314591e+26,5.204706926629182e+26,31
0.06636519432067871,0.0012636719674355614,0.008101129531860351,0.0005402917799915819,15,1,5,50,"{'max_depth': 15, 'min_samples_leaf': 1, 'min_samples_split': 5, 'n_estimators': 50}",-24.0,-24.0,-1.5604410898054806e+27,0.5968617877122966,-21.95282602620807,-3.120882179610961e+26,6.241764359221923e+26,57
0.12260284423828124,0.00817221795032599,0.012642574310302735,0.0014720337680391106,15,1,5,100,"{'max_depth': 15, 'min_samples_leaf': 1, 'min_samples_split': 5, 'n_estimators': 100}",-80.0,-80.0,-1.360659330371169e+27,0.7411179228917115,-19.631311593178097,-2.7213186607423377e+26,5.442637321484676e+26,37
0.25603957176208497,0.017490564077748304,0.024271631240844728,0.002682854428946297,15,1,5,200,"{'max_depth': 15, 'min_samples_leaf': 1, 'min_samples_split': 5, 'n_estimators': 200}",-99.0,-99.0,-1.744549196749829e+27,0.7006366618682143,-20.238190544296383,-3.489098393499658e+26,6.978196786999314e+26,61
0.06145005226135254,0.004151634067734186,0.007270526885986328,0.0013073764941031378,15,1,10,50,"{'max_depth': 15, 'min_samples_leaf': 1, 'min_samples_split': 10, 'n_estimators': 50}",-3.7470186056187245e+22,-24.0,-1.9057479740117723e+27,0.4254652401236134,-25.967449045091097,-3.811570888395657e+26,7.622954427242402e+26,69
0.12308025360107422,0.002328363730259734,0.010817766189575195,0.0005011404953408196,15,1,10,100,"{'max_depth': 15, 'min_samples_leaf': 1, 'min_samples_split': 10, 'n_estimators': 100}",-1.5526045370378358e+23,-1.3812351748961536e+22,-1.475517668260585e+27,0.6350848222724552,-25.728442172354878,-2.9513734821320757e+26,5.9019016292956326e+26,45
0.2587101459503174,0.007048082335393089,0.024359846115112306,0.00054601060365073,15,1,10,200,"{'max_depth': 15, 'min_samples_leaf': 1, 'min_samples_split': 10, 'n_estimators': 200}",-6.18682309415134e+22,-4.842453652390224e+21,-1.7850187650648663e+27,0.5918504098363297,-26.881943922153688,-3.57017095149892e+26,7.140008353410369e+26,65
0.06506128311157226,0.005872444898817087,0.0074504375457763675,0.0008622167147625652,15,2,2,50,"{'max_depth': 15, 'min_samples_leaf': 2, 'min_samples_split': 2, 'n_estimators': 50}",-24.0,-24.0,-1.0648544227328656e+27,0.6198709841140821,-17.749211491895153,-2.1297088454657312e+26,4.2594176909314624e+26,2
0.12680449485778808,0.001758076891649954,0.013364124298095702,0.0005061417749193494,15,2,2,100,"{'max_depth': 15, 'min_samples_leaf': 2, 'min_samples_split': 2, 'n_estimators': 100}",-80.0,-80.0,-1.2215465302851232e+27,0.7582275936015619,-16.686775042027133,-2.4430930605702465e+26,4.8861861211404924e+26,23
0.24726324081420897,0.012373408007648126,0.021840429306030272,0.0025983214424025124,15,2,2,200,"{'max_depth': 15, 'min_samples_leaf': 2, 'min_samples_split': 2, 'n_estimators': 200}",-99.0,-99.0,-1.4351320925201777e+27,0.7175616222635468,-18.047752339354986,-2.8702641850403555e+26,5.740528370080711e+26,41
0.059601354598999026,0.004466829329847366,0.006957912445068359,0.000995339867067312,15,2,5,50,"{'max_depth': 15, 'min_samples_leaf': 2, 'min_samples_split': 5, 'n_estimators': 50}",-24.0,-24.0,-1.1414945761589603e+27,0.5927478209837935,-20.09177897541699,-2.2829891523179207e+26,4.565978304635841e+26,14
0.1196326732635498,0.0069050847844378625,0.011539077758789063,0.0013815927712773595,15,2,5,100,"{'max_depth': 15, 'min_samples_leaf': 2, 'min_samples_split': 5, 'n_estimators': 100}",-80.0,-80.0,-1.1929352358313007e+27,0.7388238916333744,-19.460772902865543,-2.3858704716626012e+26,4.771740943325202e+26,18
0.2394491672515869,0.012371726712472882,0.021901035308837892,0.0028475631308707925,15,2,5,200,"{'max_depth': 15, 'min_samples_leaf': 2, 'min_samples_split': 5, 'n_estimators': 200}",-99.0,-99.0,-1.5334687123050176e+27,0.6987578134197382,-20.783850564192214,-3.0669374246100352e+26,6.1338748492200704e+26,53
0.0674065113067627,0.007153557244349884,0.008064842224121094,0.0006127833670729731,15,2,10,50,"{'max_depth': 15, 'min_samples_leaf': 2, 'min_samples_split': 10, 'n_estimators': 50}",-3.7470186056187245e+22,-24.0,-1.223561966843804e+27,0.4254652401236134,-25.967449045091097,-2.44719887405972e+26,4.894210399340704e+26,27
0.1234126091003418,0.010566293495353502,0.011920022964477538,0.0014118140386612948,15,2,10,100,"{'max_depth': 15, 'min_samples_leaf': 2, 'min_samples_split': 10, 'n_estimators': 100}",-1.5526045370378358e+23,-1.3812351748961536e+22,-1.0905316203442497e+27,0.6350848222724552,-25.728442172354878,-2.1814013862994048e+26,4.361957447889184e+26,9
0.23851923942565917,0.010035864543114179,0.023542404174804688,0.0020569508823853142,15,2,10,200,"{'max_depth': 15, 'min_samples_leaf': 2, 'min_samples_split': 10, 'n_estimators': 200}",-6.18682309415134e+22,-4.842453652390224e+21,-1.4956819503348835e+27,0.5918504098363297,-26.881943922153688,-2.9914973220389546e+26,5.9826610952324165e+26,49
0.06113777160644531,0.004311547062589292,0.0075661659240722655,0.0008320537797741018,15,4,2,50,"{'max_depth': 15, 'min_samples_leaf': 4, 'min_samples_split': 2, 'n_estimators': 50}",-24.0,-5.524940699396571e+21,-3.234669852375318e+27,0.456657693358578,-30.7596019096804,-6.469350754632034e+26,1.2938673884578266e+27,85
0.12096476554870605,0.010332590207057738,0.012062311172485352,0.0012281257739728934,15,4,2,100,"{'max_depth': 15, 'min_samples_leaf': 4, 'min_samples_split': 2, 'n_estimators': 100}",-4.2962092027063975e+23,-1.3812351751077002e+21,-3.2292534806903496e+27,0.663625239393574,-30.56062573933544,-6.459368965691591e+26,1.2916583027550125e+27,77
0.25147042274475095,0.007233842732191347,0.024910783767700194,0.001192315296407997,15,4,2,200,"{'max_depth': 15, 'min_samples_leaf': 4, 'min_samples_split': 2, 'n_estimators': 200}",-1.227862759131842e+24,-3.453087939297088e+20,-4.021540209534871e+27,0.6423236323837768,-31.27052494788014,-8.045536835205595e+26,1.6084933332917704e+27,101
0.061629104614257815,0.004046281899814042,0.00722956657409668,0.0007205391456530674,15,4,5,50,"{'max_depth': 15, 'min_samples_leaf': 4, 'min_samples_split': 5, 'n_estimators': 50}",-24.0,-5.524940699396571e+21,-3.234669852375318e+27,0.456657693358578,-30.7596019096804,-6.469350754632034e+26,1.2938673884578266e+27,85
0.12477335929870606,0.009236212047433814,0.012377500534057617,0.0012548920149479655,15,4,5,100,"{'max_depth': 15, 'min_samples_leaf': 4, 'min_samples_split': 5, 'n_estimators': 100}",-4.2962092027063975e+23,-1.3812351751077002e+21,-3.2292534806903496e+27,0.663625239393574,-30.56062573933544,-6.459368965691591e+26,1.2916583027550125e+27,77
0.23765873908996582,0.00912082883246353,0.019388389587402344,0.0023991815585088284,15,4,5,200,"{'max_depth': 15, 'min_samples_leaf': 4, 'min_samples_split': 5, 'n_estimators': 200}",-1.227862759131842e+24,-3.453087939297088e+20,-4.021540209534871e+27,0.6423236323837768,-31.27052494788014,-8.045536835205595e+26,1.6084933332917704e+27,101
0.0622410774230957,0.004092044822276482,0.007569313049316406,0.0006405446211548481,15,4,10,50,"{'max_depth': 15, 'min_samples_leaf': 4, 'min_samples_split': 10, 'n_estimators': 50}",-24.0,-5.524940699396571e+21,-3.234669852375318e+27,0.4254652401236134,-30.7596019096804,-6.469350754632034e+26,1.2938673884578266e+27,85
0.1279630184173584,0.00813982705636054,0.012614011764526367,0.0012927002240067963,15,4,10,100,"{'max_depth': 15, 'min_samples_leaf': 4, 'min_samples_split': 10, 'n_estimators': 100}",-4.2962092027063975e+23,-2.071852762308972e+22,-3.1095566226859764e+27,0.6350848222724552,-30.56062573933544,-6.22001392426774e+26,1.243777625927511e+27,73
0.24531068801879882,0.012401716102452054,0.022162485122680663,0.002172614439019569,15,4,10,200,"{'max_depth': 15, 'min_samples_leaf': 4, 'min_samples_split': 10, 'n_estimators': 200}",-1.300886165318893e+24,-5.179631906618617e+21,-3.9820339965039103e+27,0.6140743488317926,-31.27052494788014,-7.966680124602271e+26,1.5926830715027962e+27,97
0.06553215980529785,0.0033930238155594665,0.007842636108398438,0.0007654616507754824,,1,2,50,"{'max_depth': None, 'min_samples_leaf': 1, 'min_samples_split': 2, 'n_estimators': 50}",-24.0,-24.0,-1.345581459411863e+27,0.6770713014753853,-12.24811908232934,-2.6911629188237264e+26,5.382325837647453e+26,34
0.12764248847961426,0.0035338342040143592,0.013331079483032226,0.000590317634426638,,1,2,100,"{'max_depth': None, 'min_samples_leaf': 1, 'min_samples_split': 2, 'n_estimators': 100}",-80.0,-80.0,-1.070361692153139e+27,0.7858149482081833,-10.838532934723153,-2.140723384306278e+26,4.2814467686125565e+26,6
0.2509099006652832,0.013999980500124558,0.021927690505981444,0.003059714890914374,,1,2,200,"{'max_depth': None, 'min_samples_leaf': 1, 'min_samples_split': 2, 'n_estimators': 200}",-99.0,-99.0,-1.3011767316572956e+27,0.7455974002518573,-10.334853536703543,-2.602353463314591e+26,5.204706926629182e+26,31
0.06387348175048828,0.0022121059879140646,0.007607650756835937,0.0010359846380968048,,1,5,50,"{'max_depth': None, 'min_samples_leaf': 1, 'min_samples_split': 5, 'n_estimators': 50}",-24.0,-24.0,-1.5604410898054806e+27,0.5968617877122966,-21.95282602620807,-3.120882179610961e+26,6.241764359221923e+26,57
0.13164939880371093,0.006023636917577855,0.012464094161987304,0.0021787295549102123,,1,5,100,"{'max_depth': None, 'min_samples_leaf': 1, 'min_samples_split': 5, 'n_estimators': 100}",-80.0,-80.0,-1.360659330371169e+27,0.7411179228917115,-19.631311593178097,-2.7213186607423377e+26,5.442637321484676e+26,37
0.25477209091186526,0.01421570219931503,0.02350788116455078,0.0003424778250235356,,1,5,200,"{'max_depth': None, 'min_samples_leaf': 1, 'min_samples_split': 5, 'n_estimators': 200}",-99.0,-99.0,-1.744549196749829e+27,0.7006366618682143,-20.238190544296383,-3.489098393499658e+26,6.978196786999314e+26,61
0.061946678161621097,0.003943739858567376,0.007297372817993164,0.0009651008164268866,,1,10,50,"{'max_depth': None, 'min_samples_leaf': 1, 'min_samples_split': 10, 'n_estimators': 50}",-3.7470186056187245e+22,-24.0,-1.9057479740117723e+27,0.4254652401236134,-25.967449045091097,-3.811570888395657e+26,7.622954427242402e+26,69
0.11877069473266602,0.004329053642120588,0.011888742446899414,0.001585299839763117,,1,10,100,"{'max_depth': None, 'min_samples_leaf': 1, 'min_samples_split': 10, 'n_estimators': 100}",-1.5526045370378358e+23,-1.3812351748961536e+22,-1.475517668260585e+27,0.6350848222724552,-25.728442172354878,-2.9513734821320757e+26,5.9019016292956326e+26,45
0.24309930801391602,0.013399045695044666,0.022585058212280275,0.0024660164458444192,,1,10,200,"{'max_depth': None, 'min_samples_leaf': 1, 'min_samples_split': 10, 'n_estimators': 200}",-6.18682309415134e+22,-4.842453652390224e+21,-1.7850187650648663e+27,0.5918504098363297,-26.881943922153688,-3.57017095149892e+26,7.140008353410369e+26,65
0.060448074340820314,0.0040751764510982115,0.00663599967956543,0.0007487888176799061,,2,2,50,"{'max_depth': None, 'min_samples_leaf': 2, 'min_samples_split': 2, 'n_estimators': 50}",-24.0,-24.0,-1.0648544227328656e+27,0.6198709841140821,-17.749211491895153,-2.1297088454657312e+26,4.2594176909314624e+26,2
0.11645474433898925,0.00732100854528926,0.011546850204467773,0.001403083991649162,,2,2,100,"{'max_depth': None, 'min_samples_leaf': 2, 'min_samples_split': 2, 'n_estimators': 100}",-80.0,-80.0,-1.2215465302851232e+27,0.7582275936015619,-16.686775042027133,-2.4430930605702465e+26,4.8861861211404924e+26,23
0.243204927444458,0.006595182842012715,0.022364234924316405,0.0016744752219709043,,2,2,200,"{'max_depth': None, 'min_samples_leaf': 2, 'min_samples_split': 2, 'n_estimators': 200}",-99.0,-99.0,-1.4351320925201777e+27,0.7175616222635468,-18.047752339354986,-2.8702641850403555e+26,5.740528370080711e+26,41
0.0642690658569336,0.0020110573539637968,0.00780177116394043,0.0010441057188189662,,2,5,50,"{'max_depth': None, 'min_samples_leaf': 2, 'min_samples_split': 5, 'n_estimators': 50}",-24.0,-24.0,-1.1414945761589603e+27,0.5927478209837935,-20.09177897541699,-2.2829891523179207e+26,4.565978304635841e+26,14
0.12605066299438478,0.008142143037873275,0.011872005462646485,0.0013997465754547339,,2,5,100,"{'max_depth': None, 'min_samples_leaf': 2, 'min_samples_split': 5, 'n_estimators': 100}",-80.0,-80.0,-1.1929352358313007e+27,0.7388238916333744,-19.460772902865543,-2.3858704716626012e+26,4.771740943325202e+26,18
0.25154743194580076,0.017331198686411756,0.02519259452819824,0.0049124346024063785,,2,5,200,"{'max_depth': None, 'min_samples_leaf': 2, 'min_samples_split': 5, 'n_estimators': 200}",-99.0,-99.0,-1.5334687123050176e+27,0.6987578134197382,-20.783850564192214,-3.0669374246100352e+26,6.1338748492200704e+26,53
0.0642725944519043,0.0040300857482401765,0.007368898391723633,0.0007420288931557207,,2,10,50,"{'max_depth': None, 'min_samples_leaf': 2, 'min_samples_split': 10, 'n_estimators': 50}",-3.7470186056187245e+22,-24.0,-1.223561966843804e+27,0.4254652401236134,-25.967449045091097,-2.44719887405972e+26,4.894210399340704e+26,27
0.12086963653564453,0.00859277189344684,0.0115753173828125,0.001330899641295118,,2,10,100,"{'max_depth': None, 'min_samples_leaf': 2, 'min_samples_split': 10, 'n_estimators': 100}",-1.5526045370378358e+23,-1.3812351748961536e+22,-1.0905316203442497e+27,0.6350848222724552,-25.728442172354878,-2.1814013862994048e+26,4.361957447889184e+26,9
0.251766300201416,0.009698055378422247,0.022551965713500977,0.0020852050840097463,,2,10,200,"{'max_depth': None, 'min_samples_leaf': 2, 'min_samples_split': 10, 'n_estimators': 200}",-6.18682309415134e+22,-4.842453652390224e+21,-1.4956819503348835e+27,0.5918504098363297,-26.881943922153688,-2.9914973220389546e+26,5.9826610952324165e+26,49
0.06489086151123047,0.004889547724517056,0.007793807983398437,0.0011654218417284084,,4,2,50,"{'max_depth': None, 'min_samples_leaf': 4, 'min_samples_split': 2, 'n_estimators': 50}",-24.0,-5.524940699396571e+21,-3.234669852375318e+27,0.456657693358578,-30.7596019096804,-6.469350754632034e+26,1.2938673884578266e+27,85
0.13174023628234863,0.004598292365872163,0.013677024841308593,0.0005843893856482351,,4,2,100,"{'max_depth': None, 'min_samples_leaf': 4, 'min_samples_split': 2, 'n_estimators': 100}",-4.2962092027063975e+23,-1.3812351751077002e+21,-3.2292534806903496e+27,0.663625239393574,-30.56062573933544,-6.459368965691591e+26,1.2916583027550125e+27,77
0.2503420352935791,0.020998025101061416,0.022693872451782227,0.0022911096468698445,,4,2,200,"{'max_depth': None, 'min_samples_leaf': 4, 'min_samples_split': 2, 'n_estimators': 200}",-1.227862759131842e+24,-3.453087939297088e+20,-4.021540209534871e+27,0.6423236323837768,-31.27052494788014,-8.045536835205595e+26,1.6084933332917704e+27,101
0.06621899604797363,0.007234709511739755,0.006856298446655274,0.0006865294444486856,,4,5,50,"{'max_depth': None, 'min_samples_leaf': 4, 'min_samples_split': 5, 'n_estimators': 50}",-24.0,-5.524940699396571e+21,-3.234669852375318e+27,0.456657693358578,-30.7596019096804,-6.469350754632034e+26,1.2938673884578266e+27,85
0.12484049797058105,0.004398083565272863,0.012525653839111328,0.0013573386314388502,,4,5,100,"{'max_depth': None, 'min_samples_leaf': 4, 'min_samples_split': 5, 'n_estimators': 100}",-4.2962092027063975e+23,-1.3812351751077002e+21,-3.2292534806903496e+27,0.663625239393574,-30.56062573933544,-6.459368965691591e+26,1.2916583027550125e+27,77
0.22858638763427735,0.025114943229378146,0.01802096366882324,0.005025102798445842,,4,5,200,"{'max_depth': None, 'min_samples_leaf': 4, 'min_samples_split': 5, 'n_estimators': 200}",-1.227862759131842e+24,-3.453087939297088e+20,-4.021540209534871e+27,0.6423236323837768,-31.27052494788014,-8.045536835205595e+26,1.6084933332917704e+27,101
0.06318631172180175,0.003189605616236169,0.0071162223815917965,0.0009782965917545078,,4,10,50,"{'max_depth': None, 'min_samples_leaf': 4, 'min_samples_split': 10, 'n_estimators': 50}",-24.0,-5.524940699396571e+21,-3.234669852375318e+27,0.4254652401236134,-30.7596019096804,-6.469350754632034e+26,1.2938673884578266e+27,85
0.11772866249084472,0.005312418777984097,0.013762092590332032,0.003975894341825672,,4,10,100,"{'max_depth': None, 'min_samples_leaf': 4, 'min_samples_split': 10, 'n_estimators': 100}",-4.2962092027063975e+23,-2.071852762308972e+22,-3.1095566226859764e+27,0.6350848222724552,-30.56062573933544,-6.22001392426774e+26,1.243777625927511e+27,73
0.20728373527526855,0.01803252250123343,0.01642775535583496,0.005184907601158946,,4,10,200,"{'max_depth': None, 'min_samples_leaf': 4, 'min_samples_split': 10, 'n_estimators': 200}",-1.300886165318893e+24,-5.179631906618617e+21,-3.9820339965039103e+27,0.6140743488317926,-31.27052494788014,-7.966680124602271e+26,1.5926830715027962e+27,97
